player_name,season,week,predicted_fantasy_points,position
PHI,2025,1,8.08,DEF
HOU,2025,1,7.86,DEF
DEN,2025,1,7.64,DEF
LA,2025,1,7.31,DEF
PIT,2025,1,7.29,DEF
SEA,2025,1,7.29,DEF
CLE,2025,1,7.2,DEF
MIN,2025,1,7.07,DEF
CIN,2025,1,7.05,DEF
NYJ,2025,1,6.72,DEF
WAS,2025,1,6.7,DEF
CHI,2025,1,6.63,DEF
GB,2025,1,6.59,DEF
DET,2025,1,6.56,DEF
SF,2025,1,6.53,DEF
NO,2025,1,6.42,DEF
KC,2025,1,6.41,DEF
ATL,2025,1,6.39,DEF
BAL,2025,1,6.39,DEF
BUF,2025,1,6.35,DEF
JAX,2025,1,6.25,DEF
LV,2025,1,6.2,DEF
TB,2025,1,6.16,DEF
NYG,2025,1,6.0,DEF
DAL,2025,1,5.95,DEF
MIA,2025,1,5.89,DEF
LAC,2025,1,5.83,DEF
ARI,2025,1,5.67,DEF
CAR,2025,1,5.61,DEF
TEN,2025,1,5.59,DEF
NE,2025,1,5.58,DEF
IND,2025,1,4.58,DEF
Jake Bates,2025,1,10.21,K
Chase McLaughlin,2025,1,9.82,K
Jake Elliott,2025,1,9.35,K
Brandon Aubrey,2025,1,9.18,K
Matt Gay,2025,1,9.06,K
Joshua Karty,2025,1,8.87,K
Evan McPherson,2025,1,8.84,K
Harrison Butker,2025,1,8.8,K
Cameron Dicker,2025,1,8.72,K
Wil Lutz,2025,1,8.71,K
Chris Boswell,2025,1,8.62,K
Matt Prater,2025,1,8.61,K
Brandon McManus,2025,1,8.52,K
Jason Myers,2025,1,8.45,K
Cam Little,2025,1,8.44,K
Younghoe Koo,2025,1,8.34,K
Will Reichard,2025,1,8.29,K
Riley Patterson,2025,1,8.07,K
Graham Gano,2025,1,8.05,K
Nick Folk,2025,1,7.99,K
Blake Grupe,2025,1,7.85,K
Chad Ryland,2025,1,7.79,K
Joey Slye,2025,1,7.78,K
Jake Moody,2025,1,7.66,K
Cairo Santos,2025,1,7.6,K
Ka'imi Fairbairn,2025,1,7.4,K
Daniel Carlson,2025,1,7.33,K
Spencer Shrader,2025,1,7.19,K
Ryan Fitzgerald,2025,1,6.88,K
Andy Borregales,2025,1,6.83,K
Tyler Loop,2025,1,6.59,K
Andre Szmyt,2025,1,6.04,K
Jayden Daniels,2025,1,20.64,QB
Lamar Jackson,2025,1,19.83,QB
Josh Allen,2025,1,19.26,QB
Jalen Hurts,2025,1,18.58,QB
Bo Nix,2025,1,18.4,QB
Patrick Mahomes,2025,1,17.78,QB
Baker Mayfield,2025,1,17.13,QB
Kyler Murray,2025,1,16.92,QB
Matthew Stafford,2025,1,16.71,QB
Justin Herbert,2025,1,16.49,QB
Joe Burrow,2025,1,16.43,QB
Brock Purdy,2025,1,16.1,QB
Tua Tagovailoa,2025,1,15.93,QB
Jared Goff,2025,1,15.51,QB
Russell Wilson,2025,1,15.37,QB
Aaron Rodgers,2025,1,15.31,QB
Geno Smith,2025,1,14.33,QB
Dak Prescott,2025,1,14.09,QB
Sam Darnold,2025,1,13.81,QB
Caleb Williams,2025,1,13.04,QB
Bryce Young,2025,1,12.76,QB
Daniel Jones,2025,1,12.71,QB
Joe Flacco,2025,1,12.56,QB
C.J. Stroud,2025,1,12.27,QB
Jordan Love,2025,1,11.36,QB
Trevor Lawrence,2025,1,10.22,QB
Spencer Rattler,2025,1,9.11,QB
Jalen Milroe,2025,1,9.0,QB
Drake Maye,2025,1,7.55,QB
Cam Ward,2025,1,7.37,QB
Justin Fields,2025,1,7.2,QB
J.J. McCarthy,2025,1,7.15,QB
Michael Penix Jr.,2025,1,7.14,QB
Zach Wilson,2025,1,6.4,QB
Jahmyr Gibbs,2025,1,21.07,RB
Saquon Barkley,2025,1,19.61,RB
Bijan Robinson,2025,1,18.42,RB
Jonathan Taylor,2025,1,17.92,RB
Derrick Henry,2025,1,17.78,RB
Josh Jacobs,2025,1,16.48,RB
Alvin Kamara,2025,1,16.39,RB
De'Von Achane,2025,1,15.19,RB
Kyren Williams,2025,1,15.04,RB
James Cook,2025,1,14.5,RB
Breece Hall,2025,1,14.48,RB
Bucky Irving,2025,1,13.95,RB
Chuba Hubbard,2025,1,13.85,RB
Christian McCaffrey,2025,1,13.64,RB
Kenneth Walker III,2025,1,13.63,RB
James Conner,2025,1,12.83,RB
Chase Brown,2025,1,12.67,RB
Aaron Jones,2025,1,12.29,RB
D'Andre Swift,2025,1,11.24,RB
Tony Pollard,2025,1,10.46,RB
David Montgomery,2025,1,10.43,RB
Travis Etienne,2025,1,10.43,RB
Najee Harris,2025,1,9.78,RB
Zach Charbonnet,2025,1,9.58,RB
Austin Ekeler,2025,1,9.5,RB
Rico Dowdle,2025,1,9.5,RB
J.K. Dobbins,2025,1,9.44,RB
Rachaad White,2025,1,8.91,RB
Rhamondre Stevenson,2025,1,8.74,RB
Tyrone Tracy Jr.,2025,1,8.72,RB
Antonio Gibson,2025,1,8.53,RB
Kareem Hunt,2025,1,8.11,RB
Brian Robinson,2025,1,7.74,RB
Justice Hill,2025,1,7.7,RB
Miles Sanders,2025,1,7.41,RB
Jaylen Warren,2025,1,7.39,RB
Jerome Ford,2025,1,7.33,RB
Javonte Williams,2025,1,7.18,RB
Tank Bigsby,2025,1,7.05,RB
AJ Dillon,2025,1,6.53,RB
Brashard Smith,2025,1,6.29,RB
Nick Chubb,2025,1,6.22,RB
Ashton Jeanty,2025,1,6.18,RB
Tyler Allgeier,2025,1,5.87,RB
Dameon Pierce,2025,1,5.46,RB
Devin Singletary,2025,1,5.44,RB
DJ Giddens,2025,1,5.37,RB
Ulysses Bentley IV,2025,1,5.37,RB
Jordan Mason,2025,1,5.29,RB
Emanuel Wilson,2025,1,5.27,RB
Isiah Pacheco,2025,1,5.12,RB
Kyle Monangai,2025,1,5.07,RB
Omarion Hampton,2025,1,4.93,RB
Isaac Guerendo,2025,1,4.89,RB
Ty Johnson,2025,1,4.69,RB
Kendre Miller,2025,1,4.55,RB
Ollie Gordon II,2025,1,4.54,RB
RJ Harvey,2025,1,4.54,RB
Trevor Etienne,2025,1,4.52,RB
Dylan Sampson,2025,1,4.43,RB
Raheim Sanders,2025,1,4.43,RB
TreVeyon Henderson,2025,1,4.21,RB
Jacob Saylors,2025,1,4.19,RB
Isaiah Davis,2025,1,4.19,RB
Ray Davis,2025,1,4.11,RB
Jacory Croskey-Merritt,2025,1,4.09,RB
Zamir White,2025,1,4.05,RB
Braelon Allen,2025,1,3.9,RB
Tyler Badie,2025,1,3.86,RB
Kaleb Johnson,2025,1,3.86,RB
Emari Demercado,2025,1,3.81,RB
Kenneth Gainwell,2025,1,3.78,RB
Hassan Haskins,2025,1,3.72,RB
Tahj Brooks,2025,1,3.71,RB
Devin Neal,2025,1,3.67,RB
Trey Benson,2025,1,3.66,RB
LeQuint Allen Jr.,2025,1,3.56,RB
Bhayshul Tuten,2025,1,3.56,RB
Sean Tucker,2025,1,3.53,RB
Will Shipley,2025,1,3.53,RB
Chris Brooks,2025,1,3.51,RB
Dare Ogunbowale,2025,1,3.45,RB
Blake Corum,2025,1,3.36,RB
Woody Marks,2025,1,3.3,RB
Cam Skattebo,2025,1,3.28,RB
Samaje Perine,2025,1,3.21,RB
Jeremy McNichols,2025,1,2.86,RB
Craig Reynolds,2025,1,2.43,RB
Julius Chestnut,2025,1,2.12,RB
Rasheen Ali,2025,1,2.11,RB
Ty Chandler,2025,1,2.08,RB
Kene Nwangwu,2025,1,1.85,RB
Velus Jones Jr.,2025,1,1.64,RB
George Holani,2025,1,1.49,RB
Adam Prentice,2025,1,1.2,RB
Dylan Laube,2025,1,0.99,RB
Brock Bowers,2025,1,13.39,TE
Sam LaPorta,2025,1,12.88,TE
Trey McBride,2025,1,12.72,TE
Travis Kelce,2025,1,12.0,TE
George Kittle,2025,1,11.82,TE
Zach Ertz,2025,1,10.97,TE
David Njoku,2025,1,10.54,TE
Evan Engram,2025,1,9.26,TE
Mark Andrews,2025,1,9.09,TE
Jonnu Smith,2025,1,8.88,TE
T.J. Hockenson,2025,1,8.75,TE
Dallas Goedert,2025,1,8.5,TE
Chig Okonkwo,2025,1,8.37,TE
Mike Gesicki,2025,1,8.18,TE
Cade Otton,2025,1,8.07,TE
Hunter Henry,2025,1,8.02,TE
Tyler Higbee,2025,1,7.8,TE
Juwan Johnson,2025,1,7.76,TE
Tucker Kraft,2025,1,7.72,TE
Noah Fant,2025,1,7.56,TE
Jake Ferguson,2025,1,7.25,TE
Theo Johnson,2025,1,7.17,TE
Dalton Kincaid,2025,1,6.96,TE
Dalton Schultz,2025,1,6.91,TE
Tyler Conklin,2025,1,6.85,TE
Austin Hooper,2025,1,6.7,TE
Pat Freiermuth,2025,1,6.49,TE
Kyle Pitts,2025,1,6.42,TE
Will Dissly,2025,1,5.63,TE
Brenton Strange,2025,1,5.58,TE
AJ Barner,2025,1,5.47,TE
Kylen Granson,2025,1,4.54,TE
Payne Durham,2025,1,4.32,TE
Ja'Tavion Sanders,2025,1,4.25,TE
Luke Schoonmaker,2025,1,4.11,TE
Tommy Tremble,2025,1,4.1,TE
Cole Kmet,2025,1,4.0,TE
Dawson Knox,2025,1,3.89,TE
Daniel Bellinger,2025,1,3.78,TE
Colby Parkinson,2025,1,3.76,TE
Noah Gray,2025,1,3.76,TE
Michael Mayer,2025,1,3.65,TE
Mo Alie-Cox,2025,1,3.49,TE
Drew Sample,2025,1,3.3,TE
Gunnar Helm,2025,1,3.26,TE
Lucas Krull,2025,1,3.24,TE
Johnny Mundt,2025,1,3.23,TE
Davis Allen,2025,1,3.23,TE
Adam Trautman,2025,1,3.19,TE
Cade Stover,2025,1,3.18,TE
Josh Oliver,2025,1,3.16,TE
Luke Musgrave,2025,1,3.11,TE
Harold Fannin Jr.,2025,1,3.07,TE
Colston Loveland,2025,1,3.0,TE
Andrew Ogletree,2025,1,2.97,TE
Eric Saubert,2025,1,2.9,TE
Jackson Hawes,2025,1,2.84,TE
Elijah Higgins,2025,1,2.79,TE
Tyler Warren,2025,1,2.75,TE
Elijah Arroyo,2025,1,2.68,TE
Hunter Long,2025,1,2.62,TE
Feleipe Franks,2025,1,2.5,TE
Jeremy Ruckert,2025,1,2.44,TE
Luke Farrell,2025,1,2.33,TE
Tip Reiman,2025,1,2.32,TE
Mason Taylor,2025,1,2.23,TE
David Martin-Robinson,2025,1,1.9,TE
Tanner Conner,2025,1,1.84,TE
John FitzPatrick,2025,1,1.76,TE
Jack Stoll,2025,1,1.71,TE
Justin Shorter,2025,1,1.61,TE
Julian Hill,2025,1,1.49,TE
Brevyn Spann-Ford,2025,1,1.49,TE
Connor Heyward,2025,1,1.46,TE
Jake Tonges,2025,1,1.33,TE
Ko Kieft,2025,1,1.06,TE
Colson Yankoff,2025,1,0.99,TE
Puka Nacua,2025,1,18.94,WR
CeeDee Lamb,2025,1,18.17,WR
Ja'Marr Chase,2025,1,18.1,WR
Malik Nabers,2025,1,18.04,WR
Justin Jefferson,2025,1,17.79,WR
Davante Adams,2025,1,17.34,WR
Brian Thomas Jr.,2025,1,16.39,WR
Ladd McConkey,2025,1,16.08,WR
Drake London,2025,1,15.79,WR
Amon-Ra St. Brown,2025,1,15.77,WR
Mike Evans,2025,1,15.7,WR
Tee Higgins,2025,1,15.63,WR
DJ Moore,2025,1,15.15,WR
Jaxon Smith-Njigba,2025,1,14.84,WR
Stefon Diggs,2025,1,14.71,WR
Xavier Worthy,2025,1,14.46,WR
Nico Collins,2025,1,14.35,WR
Keenan Allen,2025,1,14.21,WR
Adam Thielen,2025,1,14.11,WR
Tyreek Hill,2025,1,13.93,WR
Garrett Wilson,2025,1,13.89,WR
DeVonta Smith,2025,1,13.75,WR
A.J. Brown,2025,1,13.6,WR
Jerry Jeudy,2025,1,13.56,WR
Terry McLaurin,2025,1,13.28,WR
Courtland Sutton,2025,1,13.11,WR
Rashid Shaheed,2025,1,12.45,WR
Zay Flowers,2025,1,12.14,WR
DK Metcalf,2025,1,12.05,WR
Josh Downs,2025,1,11.95,WR
Jameson Williams,2025,1,11.88,WR
Jakobi Meyers,2025,1,11.86,WR
Michael Pittman,2025,1,11.82,WR
Wan'Dale Robinson,2025,1,11.65,WR
Calvin Ridley,2025,1,11.39,WR
Jaylen Waddle,2025,1,11.2,WR
George Pickens,2025,1,11.0,WR
Jauan Jennings,2025,1,10.96,WR
Deebo Samuel Sr.,2025,1,10.87,WR
Khalil Shakir,2025,1,10.23,WR
Marvin Harrison Jr.,2025,1,10.18,WR
Quentin Johnston,2025,1,9.88,WR
Kayshon Boutte,2025,1,9.85,WR
Jayden Reed,2025,1,9.8,WR
Chris Olave,2025,1,9.59,WR
Cooper Kupp,2025,1,9.16,WR
Brandin Cooks,2025,1,8.98,WR
Alec Pierce,2025,1,8.42,WR
Ricky Pearsall,2025,1,8.31,WR
Xavier Legette,2025,1,8.29,WR
Rashod Bateman,2025,1,8.22,WR
Romeo Doubs,2025,1,8.09,WR
Cedric Tillman,2025,1,8.09,WR
Marvin Mims Jr.,2025,1,7.85,WR
Rome Odunze,2025,1,7.64,WR
Josh Palmer,2025,1,7.59,WR
Greg Dortch,2025,1,7.55,WR
Marquise Brown,2025,1,7.54,WR
DeMario Douglas,2025,1,7.49,WR
Dyami Brown,2025,1,7.1,WR
Keon Coleman,2025,1,7.08,WR
Dontayvion Wicks,2025,1,6.94,WR
Michael Wilson,2025,1,6.67,WR
Noah Brown,2025,1,6.57,WR
Ray-Ray McCloud,2025,1,6.4,WR
Jalen Tolbert,2025,1,6.21,WR
Tre Tucker,2025,1,6.17,WR
Olamide Zaccheaus,2025,1,6.05,WR
Jahan Dotson,2025,1,6.03,WR
DeAndre Hopkins,2025,1,6.02,WR
Elijah Moore,2025,1,5.84,WR
Nick Westbrook-Ikhine,2025,1,5.76,WR
LaJohntay Wester,2025,1,5.75,WR
Kyle Williams,2025,1,5.65,WR
Hunter Renfrow,2025,1,5.59,WR
Jalen Nailor,2025,1,5.55,WR
Parker Washington,2025,1,5.48,WR
Sterling Shepard,2025,1,5.47,WR
Mack Hollins,2025,1,5.44,WR
Travis Hunter,2025,1,5.42,WR
Tyler Johnson,2025,1,5.41,WR
Devaughn Vele,2025,1,5.35,WR
Emeka Egbuka,2025,1,5.35,WR
Tez Johnson,2025,1,5.35,WR
Dont'e Thornton Jr.,2025,1,5.21,WR
Jack Bech,2025,1,5.21,WR
Jayden Higgins,2025,1,5.2,WR
Jaylin Noel,2025,1,5.2,WR
Darius Slayton,2025,1,5.16,WR
Tyler Lockett,2025,1,5.12,WR
KaVontae Turpin,2025,1,4.86,WR
Tutu Atwell,2025,1,4.84,WR
Malik Washington,2025,1,4.84,WR
Luther Burden III,2025,1,4.83,WR
John Metchie III,2025,1,4.81,WR
Calvin Austin III,2025,1,4.79,WR
Elic Ayomanor,2025,1,4.73,WR
Chimere Dike,2025,1,4.73,WR
Tory Horton,2025,1,4.72,WR
Josh Reynolds,2025,1,4.71,WR
JuJu Smith-Schuster,2025,1,4.7,WR
Isaac TeSlaa,2025,1,4.7,WR
Zay Jones,2025,1,4.51,WR
Arian Smith,2025,1,4.48,WR
Troy Franklin,2025,1,4.43,WR
Tai Felton,2025,1,4.4,WR
Myles Price,2025,1,4.4,WR
Chris Moore,2025,1,4.34,WR
Tetairoa McMillan,2025,1,4.33,WR
Adonai Mitchell,2025,1,4.23,WR
David Moore,2025,1,4.17,WR
Jaylin Lane,2025,1,4.15,WR
Jamal Agnew,2025,1,4.03,WR
Xavier Hutchinson,2025,1,4.0,WR
KeAndre Lambert-Smith,2025,1,3.97,WR
Tre Harris,2025,1,3.97,WR
Isaiah Bond,2025,1,3.77,WR
Kalif Raymond,2025,1,3.74,WR
KhaDarel Hodge,2025,1,3.73,WR
Savion Williams,2025,1,3.64,WR
Matthew Golden,2025,1,3.64,WR
Tyquan Thornton,2025,1,3.44,WR
Justin Watson,2025,1,3.36,WR
Ryan Miller,2025,1,3.3,WR
Derius Davis,2025,1,3.26,WR
Casey Washington,2025,1,3.26,WR
Bryce Oliver,2025,1,3.16,WR
Cody White,2025,1,3.14,WR
Jason Brownlee,2025,1,3.11,WR
Jordan Whittington,2025,1,3.08,WR
Tylan Wallace,2025,1,3.03,WR
Nikko Remigio,2025,1,2.88,WR
Skyy Moore,2025,1,2.82,WR
Devin Duvernay,2025,1,2.79,WR
Luke McCaffrey,2025,1,2.73,WR
Jamari Thrash,2025,1,2.62,WR
Trent Sherfield,2025,1,2.34,WR
DeAndre Carter,2025,1,2.15,WR
Xavier Gipson,2025,1,2.05,WR
Ashton Dulin,2025,1,1.93,WR
Dee Eskridge,2025,1,1.92,WR
Gunner Olszewski,2025,1,1.76,WR
Charlie Jones,2025,1,1.69,WR
Ben Skowronek,2025,1,1.63,WR
Brycen Tremayne,2025,1,1.61,WR
Anthony Gould,2025,1,1.58,WR
Kameron Johnson,2025,1,1.38,WR
Alex Bachman,2025,1,1.31,WR
Xavier Smith,2025,1,1.25,WR
PHI,2025,2,7.97,DEF
SEA,2025,2,7.81,DEF
IND,2025,2,7.6,DEF
LA,2025,2,7.52,DEF
BUF,2025,2,7.45,DEF
PIT,2025,2,7.26,DEF
HOU,2025,2,7.09,DEF
BAL,2025,2,7.0,DEF
CIN,2025,2,6.98,DEF
JAX,2025,2,6.97,DEF
SF,2025,2,6.69,DEF
LV,2025,2,6.68,DEF
GB,2025,2,6.63,DEF
NE,2025,2,6.56,DEF
TB,2025,2,6.56,DEF
LAC,2025,2,6.51,DEF
NO,2025,2,6.48,DEF
MIA,2025,2,6.39,DEF
DEN,2025,2,6.38,DEF
TEN,2025,2,6.38,DEF
MIN,2025,2,6.36,DEF
CLE,2025,2,6.32,DEF
WAS,2025,2,6.24,DEF
CHI,2025,2,6.21,DEF
ARI,2025,2,6.12,DEF
DET,2025,2,6.11,DEF
ATL,2025,2,6.07,DEF
DAL,2025,2,5.94,DEF
KC,2025,2,5.87,DEF
NYJ,2025,2,5.4,DEF
NYG,2025,2,4.92,DEF
CAR,2025,2,4.41,DEF
Tyler Loop,2025,2,10.04,K
Brandon Aubrey,2025,2,9.77,K
Jake Bates,2025,2,9.56,K
Jake Elliott,2025,2,9.43,K
Chris Boswell,2025,2,9.06,K
Evan McPherson,2025,2,9.04,K
John Parker Romo,2025,2,8.88,K
Harrison Butker,2025,2,8.86,K
Spencer Shrader,2025,2,8.82,K
Brandon McManus,2025,2,8.81,K
Ka'imi Fairbairn,2025,2,8.81,K
Will Reichard,2025,2,8.81,K
Chase McLaughlin,2025,2,8.62,K
Cameron Dicker,2025,2,8.55,K
Chad Ryland,2025,2,8.45,K
Matt Gay,2025,2,8.44,K
Daniel Carlson,2025,2,8.2,K
Cam Little,2025,2,8.19,K
Jason Myers,2025,2,8.07,K
Blake Grupe,2025,2,8.03,K
Nick Folk,2025,2,8.02,K
Ryan Fitzgerald,2025,2,8.02,K
Graham Gano,2025,2,8.0,K
Wil Lutz,2025,2,7.97,K
Joshua Karty,2025,2,7.78,K
Joey Slye,2025,2,7.73,K
Matt Prater,2025,2,7.69,K
Eddy Pineiro,2025,2,7.64,K
Riley Patterson,2025,2,7.6,K
Cairo Santos,2025,2,7.41,K
Andre Szmyt,2025,2,6.63,K
Andy Borregales,2025,2,6.58,K
Josh Allen,2025,2,22.68,QB
Lamar Jackson,2025,2,20.78,QB
Jayden Daniels,2025,2,20.13,QB
Jalen Hurts,2025,2,19.85,QB
Patrick Mahomes,2025,2,19.82,QB
Kyler Murray,2025,2,19.54,QB
Justin Herbert,2025,2,18.97,QB
Baker Mayfield,2025,2,18.96,QB
J.J. McCarthy,2025,2,18.86,QB
Aaron Rodgers,2025,2,18.51,QB
Joe Burrow,2025,2,17.92,QB
Bo Nix,2025,2,17.23,QB
Jared Goff,2025,2,16.98,QB
Caleb Williams,2025,2,16.59,QB
Daniel Jones,2025,2,16.41,QB
Justin Fields,2025,2,15.81,QB
Russell Wilson,2025,2,15.77,QB
Dak Prescott,2025,2,15.68,QB
Geno Smith,2025,2,15.3,QB
Matthew Stafford,2025,2,15.12,QB
Bryce Young,2025,2,15.08,QB
Tua Tagovailoa,2025,2,14.41,QB
Drake Maye,2025,2,14.28,QB
Sam Darnold,2025,2,14.16,QB
Joe Flacco,2025,2,13.82,QB
Spencer Rattler,2025,2,13.75,QB
C.J. Stroud,2025,2,13.74,QB
Michael Penix Jr.,2025,2,13.72,QB
Jordan Love,2025,2,13.5,QB
Trevor Lawrence,2025,2,12.4,QB
Mac Jones,2025,2,9.07,QB
Tyrod Taylor,2025,2,8.88,QB
Cam Ward,2025,2,8.1,QB
Mason Rudolph,2025,2,8.08,QB
Cooper Rush,2025,2,6.41,QB
Dillon Gabriel,2025,2,6.19,QB
Jake Browning,2025,2,5.4,QB
Tyson Bagent,2025,2,4.45,QB
Jaxson Dart,2025,2,3.45,QB
Mitchell Trubisky,2025,2,3.15,QB
Jacoby Brissett,2025,2,2.43,QB
Jahmyr Gibbs,2025,2,20.19,RB
Bijan Robinson,2025,2,19.55,RB
Christian McCaffrey,2025,2,19.48,RB
Derrick Henry,2025,2,18.69,RB
Saquon Barkley,2025,2,17.94,RB
Dylan Sampson,2025,2,17.44,RB
Breece Hall,2025,2,17.18,RB
Josh Jacobs,2025,2,16.56,RB
Jonathan Taylor,2025,2,16.39,RB
James Cook,2025,2,15.7,RB
Alvin Kamara,2025,2,15.31,RB
Kyren Williams,2025,2,15.07,RB
James Conner,2025,2,14.93,RB
Travis Etienne,2025,2,14.37,RB
De'Von Achane,2025,2,14.36,RB
Chase Brown,2025,2,14.11,RB
Chuba Hubbard,2025,2,14.07,RB
Bucky Irving,2025,2,13.82,RB
J.K. Dobbins,2025,2,12.82,RB
Aaron Jones,2025,2,12.72,RB
Javonte Williams,2025,2,12.35,RB
Ashton Jeanty,2025,2,12.23,RB
Tony Pollard,2025,2,12.22,RB
Kenneth Walker III,2025,2,12.2,RB
D'Andre Swift,2025,2,12.14,RB
TreVeyon Henderson,2025,2,11.5,RB
Jordan Mason,2025,2,11.02,RB
David Montgomery,2025,2,10.95,RB
Tyrone Tracy Jr.,2025,2,10.46,RB
Jaylen Warren,2025,2,10.23,RB
Omarion Hampton,2025,2,10.16,RB
Jacory Croskey-Merritt,2025,2,10.01,RB
Zach Charbonnet,2025,2,9.84,RB
Austin Ekeler,2025,2,9.55,RB
Nick Chubb,2025,2,8.5,RB
Rico Dowdle,2025,2,8.39,RB
Miles Sanders,2025,2,7.65,RB
Brian Robinson,2025,2,7.42,RB
RJ Harvey,2025,2,7.28,RB
Rhamondre Stevenson,2025,2,7.15,RB
Trey Benson,2025,2,7.13,RB
DJ Giddens,2025,2,7.11,RB
Kareem Hunt,2025,2,7.04,RB
Najee Harris,2025,2,6.91,RB
Isiah Pacheco,2025,2,6.65,RB
Jerome Ford,2025,2,6.62,RB
Tyler Allgeier,2025,2,6.59,RB
Kenneth Gainwell,2025,2,6.53,RB
Antonio Gibson,2025,2,5.91,RB
Justice Hill,2025,2,5.83,RB
Rachaad White,2025,2,5.76,RB
Tyler Badie,2025,2,5.25,RB
LeQuint Allen Jr.,2025,2,4.87,RB
Cam Skattebo,2025,2,4.73,RB
Ty Johnson,2025,2,4.66,RB
Braelon Allen,2025,2,4.61,RB
AJ Dillon,2025,2,4.52,RB
Ray Davis,2025,2,4.41,RB
Kendre Miller,2025,2,4.3,RB
Chris Brooks,2025,2,4.13,RB
Zamir White,2025,2,4.08,RB
Isaiah Davis,2025,2,4.05,RB
Trevor Etienne,2025,2,3.96,RB
Jordan Mims,2025,2,3.93,RB
Dare Ogunbowale,2025,2,3.91,RB
Emanuel Wilson,2025,2,3.86,RB
Kyle Monangai,2025,2,3.86,RB
Bam Knight,2025,2,3.84,RB
Roschon Johnson,2025,2,3.83,RB
Devin Singletary,2025,2,3.79,RB
Isaac Guerendo,2025,2,3.71,RB
Blake Corum,2025,2,3.55,RB
Ollie Gordon II,2025,2,3.54,RB
Samaje Perine,2025,2,3.46,RB
Kaleb Johnson,2025,2,3.36,RB
Hassan Haskins,2025,2,3.12,RB
Bhayshul Tuten,2025,2,3.02,RB
Sean Tucker,2025,2,2.99,RB
Rasheen Ali,2025,2,2.93,RB
Robbie Ouzts,2025,2,2.66,RB
Craig Reynolds,2025,2,2.61,RB
Quinshon Judkins,2025,2,2.56,RB
Hunter Luepke,2025,2,1.99,RB
Tahj Brooks,2025,2,1.89,RB
Woody Marks,2025,2,1.79,RB
Jacob Saylors,2025,2,1.65,RB
Brashard Smith,2025,2,1.55,RB
Jakob Johnson,2025,2,1.1,RB
George Holani,2025,2,1.02,RB
Dylan Laube,2025,2,0.8,RB
Trey McBride,2025,2,15.63,TE
Brock Bowers,2025,2,14.32,TE
Travis Kelce,2025,2,13.47,TE
Tyler Warren,2025,2,12.99,TE
Harold Fannin Jr.,2025,2,12.77,TE
Sam LaPorta,2025,2,12.29,TE
David Njoku,2025,2,11.4,TE
Hunter Henry,2025,2,11.0,TE
Jonnu Smith,2025,2,10.83,TE
Juwan Johnson,2025,2,10.62,TE
Zach Ertz,2025,2,10.42,TE
Noah Fant,2025,2,10.32,TE
Mark Andrews,2025,2,9.95,TE
T.J. Hockenson,2025,2,9.86,TE
Chig Okonkwo,2025,2,9.69,TE
Kyle Pitts,2025,2,9.58,TE
Evan Engram,2025,2,9.51,TE
Tucker Kraft,2025,2,9.16,TE
Jake Ferguson,2025,2,8.84,TE
Mike Gesicki,2025,2,8.54,TE
Pat Freiermuth,2025,2,8.09,TE
Dalton Schultz,2025,2,8.08,TE
Brenton Strange,2025,2,7.7,TE
Dalton Kincaid,2025,2,7.35,TE
Cade Otton,2025,2,7.31,TE
Tyler Higbee,2025,2,7.01,TE
Austin Hooper,2025,2,5.8,TE
Cole Kmet,2025,2,5.7,TE
Theo Johnson,2025,2,5.45,TE
Will Dissly,2025,2,5.42,TE
Michael Mayer,2025,2,5.35,TE
Ja'Tavion Sanders,2025,2,5.0,TE
Gunnar Helm,2025,2,4.89,TE
Dawson Knox,2025,2,3.94,TE
Mason Taylor,2025,2,3.93,TE
Tommy Tremble,2025,2,3.77,TE
AJ Barner,2025,2,3.77,TE
Darnell Washington,2025,2,3.68,TE
Mo Alie-Cox,2025,2,3.65,TE
Luke Schoonmaker,2025,2,3.63,TE
Jake Tonges,2025,2,3.62,TE
Harrison Bryant,2025,2,3.6,TE
Noah Gray,2025,2,3.59,TE
Jeremy Ruckert,2025,2,3.58,TE
Davis Allen,2025,2,3.55,TE
Elijah Higgins,2025,2,3.46,TE
Jackson Hawes,2025,2,3.4,TE
Daniel Bellinger,2025,2,3.36,TE
Kylen Granson,2025,2,3.27,TE
Adam Trautman,2025,2,3.08,TE
Luke Musgrave,2025,2,3.02,TE
Ian Thomas,2025,2,3.0,TE
Drew Sample,2025,2,2.99,TE
Payne Durham,2025,2,2.96,TE
Colston Loveland,2025,2,2.96,TE
Grant Calcaterra,2025,2,2.89,TE
Andrew Ogletree,2025,2,2.89,TE
Quintin Morris,2025,2,2.83,TE
Mitchell Evans,2025,2,2.35,TE
Eric Saubert,2025,2,2.31,TE
Brock Wright,2025,2,2.28,TE
Ben Sinnott,2025,2,2.14,TE
Luke Farrell,2025,2,2.13,TE
Elijah Arroyo,2025,2,1.99,TE
Brevyn Spann-Ford,2025,2,1.89,TE
Ben Yurosek,2025,2,1.86,TE
John FitzPatrick,2025,2,1.8,TE
Josiah Deguara,2025,2,1.63,TE
Zaire Mitchell-Paden,2025,2,1.53,TE
Connor Heyward,2025,2,1.46,TE
Brayden Willis,2025,2,1.35,TE
Ja'Marr Chase,2025,2,19.28,WR
Justin Jefferson,2025,2,18.0,WR
Puka Nacua,2025,2,17.89,WR
Davante Adams,2025,2,17.82,WR
Amon-Ra St. Brown,2025,2,16.98,WR
Malik Nabers,2025,2,16.92,WR
CeeDee Lamb,2025,2,16.65,WR
Ladd McConkey,2025,2,16.48,WR
Garrett Wilson,2025,2,16.26,WR
Mike Evans,2025,2,15.93,WR
Tee Higgins,2025,2,15.83,WR
Brian Thomas Jr.,2025,2,15.79,WR
Drake London,2025,2,15.68,WR
Jaxon Smith-Njigba,2025,2,15.49,WR
Zay Flowers,2025,2,15.3,WR
Jakobi Meyers,2025,2,15.24,WR
DJ Moore,2025,2,14.83,WR
Jerry Jeudy,2025,2,14.82,WR
Nico Collins,2025,2,14.56,WR
Stefon Diggs,2025,2,14.18,WR
Terry McLaurin,2025,2,14.13,WR
Keenan Allen,2025,2,13.95,WR
Marvin Harrison Jr.,2025,2,13.86,WR
Deebo Samuel Sr.,2025,2,13.65,WR
Courtland Sutton,2025,2,13.61,WR
Chris Olave,2025,2,13.28,WR
Michael Pittman,2025,2,13.23,WR
Calvin Ridley,2025,2,13.05,WR
Marquise Brown,2025,2,13.04,WR
DK Metcalf,2025,2,12.92,WR
Rashid Shaheed,2025,2,12.81,WR
Tyreek Hill,2025,2,12.44,WR
A.J. Brown,2025,2,12.33,WR
Jameson Williams,2025,2,12.09,WR
Tetairoa McMillan,2025,2,11.96,WR
Wan'Dale Robinson,2025,2,11.88,WR
Quentin Johnston,2025,2,11.84,WR
George Pickens,2025,2,11.78,WR
DeVonta Smith,2025,2,11.69,WR
Kayshon Boutte,2025,2,11.57,WR
Emeka Egbuka,2025,2,11.31,WR
Ricky Pearsall,2025,2,11.25,WR
Adam Thielen,2025,2,11.17,WR
Khalil Shakir,2025,2,11.16,WR
Rome Odunze,2025,2,10.89,WR
Travis Hunter,2025,2,10.82,WR
Keon Coleman,2025,2,10.81,WR
Calvin Austin III,2025,2,10.33,WR
Jauan Jennings,2025,2,10.27,WR
Josh Downs,2025,2,10.17,WR
Jaylen Waddle,2025,2,10.12,WR
Romeo Doubs,2025,2,9.84,WR
Cedric Tillman,2025,2,9.72,WR
Josh Palmer,2025,2,9.6,WR
Cooper Kupp,2025,2,9.53,WR
Darnell Mooney,2025,2,9.52,WR
Alec Pierce,2025,2,8.93,WR
Rashod Bateman,2025,2,8.65,WR
JuJu Smith-Schuster,2025,2,8.48,WR
Tyrell Shavers,2025,2,8.44,WR
Brandin Cooks,2025,2,8.41,WR
Jahan Dotson,2025,2,8.31,WR
Ray-Ray McCloud,2025,2,8.3,WR
Elic Ayomanor,2025,2,8.17,WR
Dyami Brown,2025,2,8.15,WR
Malik Washington,2025,2,8.11,WR
DeMario Douglas,2025,2,8.05,WR
Marvin Mims Jr.,2025,2,7.84,WR
Tre Tucker,2025,2,7.82,WR
Michael Wilson,2025,2,7.67,WR
Xavier Legette,2025,2,7.67,WR
Sterling Shepard,2025,2,7.62,WR
Dontayvion Wicks,2025,2,7.51,WR
DeAndre Hopkins,2025,2,7.46,WR
Olamide Zaccheaus,2025,2,7.38,WR
Dont'e Thornton Jr.,2025,2,7.15,WR
Jalen Nailor,2025,2,6.88,WR
Troy Franklin,2025,2,6.88,WR
Noah Brown,2025,2,6.77,WR
Jalen Tolbert,2025,2,6.62,WR
Hunter Renfrow,2025,2,6.57,WR
Nick Westbrook-Ikhine,2025,2,6.3,WR
Tyquan Thornton,2025,2,5.99,WR
Tyler Johnson,2025,2,5.98,WR
KaVontae Turpin,2025,2,5.81,WR
Andrei Iosivas,2025,2,5.81,WR
Xavier Hutchinson,2025,2,5.8,WR
Marquez Valdes-Scantling,2025,2,5.73,WR
Jayden Higgins,2025,2,5.53,WR
Tyler Lockett,2025,2,5.46,WR
Greg Dortch,2025,2,5.42,WR
Devaughn Vele,2025,2,5.41,WR
KeAndre Lambert-Smith,2025,2,5.14,WR
Kalif Raymond,2025,2,4.93,WR
Adonai Mitchell,2025,2,4.66,WR
Elijah Moore,2025,2,4.46,WR
Savion Williams,2025,2,4.46,WR
Jaylin Noel,2025,2,4.44,WR
Kendrick Bourne,2025,2,4.38,WR
Matthew Golden,2025,2,4.32,WR
Justin Watson,2025,2,4.31,WR
Darius Slayton,2025,2,4.3,WR
Malik Heath,2025,2,4.26,WR
Tim Patrick,2025,2,4.23,WR
Parker Washington,2025,2,4.11,WR
Devontez Walker,2025,2,4.11,WR
Luther Burden III,2025,2,4.1,WR
Jaylin Lane,2025,2,4.09,WR
Van Jefferson,2025,2,3.97,WR
Isaac TeSlaa,2025,2,3.97,WR
Tutu Atwell,2025,2,3.81,WR
Bryce Oliver,2025,2,3.79,WR
Ben Skowronek,2025,2,3.69,WR
Mack Hollins,2025,2,3.64,WR
Chimere Dike,2025,2,3.61,WR
Xavier Smith,2025,2,3.44,WR
Pat Bryant,2025,2,3.36,WR
Roman Wilson,2025,2,3.35,WR
Jamari Thrash,2025,2,3.34,WR
Dee Eskridge,2025,2,3.19,WR
John Metchie III,2025,2,3.15,WR
Ryan Flournoy,2025,2,2.9,WR
Ryan Miller,2025,2,2.8,WR
Nikko Remigio,2025,2,2.57,WR
Trent Sherfield,2025,2,2.45,WR
Tre Harris,2025,2,2.4,WR
Isaiah Bond,2025,2,2.37,WR
Mitchell Tinsley,2025,2,2.36,WR
Jordan Whittington,2025,2,2.25,WR
Derius Davis,2025,2,2.22,WR
Tylan Wallace,2025,2,2.18,WR
Beaux Collins,2025,2,2.17,WR
Tory Horton,2025,2,2.03,WR
LaJohntay Wester,2025,2,2.01,WR
Ashton Dulin,2025,2,1.95,WR
Myles Price,2025,2,1.61,WR
Devin Duvernay,2025,2,1.58,WR
Brycen Tremayne,2025,2,1.56,WR
Luke McCaffrey,2025,2,1.54,WR
Anthony Gould,2025,2,1.47,WR
Kameron Johnson,2025,2,1.44,WR
Arian Smith,2025,2,1.33,WR
Skyy Moore,2025,2,1.32,WR
Charlie Jones,2025,2,1.1,WR
Dareke Young,2025,2,1.01,WR
Isaiah Williams,2025,2,1.01,WR
DeAndre Carter,2025,2,0.99,WR
Gunner Olszewski,2025,2,0.87,WR
JAX,2025,3,7.78,DEF
SEA,2025,3,7.78,DEF
ATL,2025,3,7.64,DEF
PHI,2025,3,7.61,DEF
GB,2025,3,7.38,DEF
CIN,2025,3,7.13,DEF
LAC,2025,3,7.13,DEF
TB,2025,3,7.09,DEF
ARI,2025,3,6.89,DEF
BUF,2025,3,6.73,DEF
SF,2025,3,6.64,DEF
LV,2025,3,6.44,DEF
CLE,2025,3,6.43,DEF
IND,2025,3,6.43,DEF
HOU,2025,3,6.33,DEF
BAL,2025,3,6.3,DEF
NE,2025,3,6.26,DEF
KC,2025,3,6.2,DEF
PIT,2025,3,6.19,DEF
TEN,2025,3,6.19,DEF
MIN,2025,3,6.13,DEF
NYJ,2025,3,6.12,DEF
CHI,2025,3,6.02,DEF
NO,2025,3,5.97,DEF
DEN,2025,3,5.96,DEF
NYG,2025,3,5.91,DEF
WAS,2025,3,5.89,DEF
DAL,2025,3,5.85,DEF
LA,2025,3,5.66,DEF
DET,2025,3,5.33,DEF
CAR,2025,3,5.32,DEF
MIA,2025,3,5.28,DEF
Tyler Loop,2025,3,9.67,K
Matt Prater,2025,3,9.61,K
Will Reichard,2025,3,9.46,K
Jake Elliott,2025,3,9.25,K
Chase McLaughlin,2025,3,9.14,K
Jason Myers,2025,3,8.75,K
Cam Little,2025,3,8.71,K
Jake Bates,2025,3,8.62,K
Harrison Butker,2025,3,8.61,K
Daniel Carlson,2025,3,8.57,K
Cameron Dicker,2025,3,8.55,K
Ka'imi Fairbairn,2025,3,8.53,K
Brandon Aubrey,2025,3,8.48,K
John Parker Romo,2025,3,8.33,K
Nick Folk,2025,3,8.31,K
Eddy Pineiro,2025,3,8.27,K
Evan McPherson,2025,3,8.19,K
Matt Gay,2025,3,8.16,K
Joey Slye,2025,3,8.14,K
Brandon McManus,2025,3,8.13,K
Wil Lutz,2025,3,8.07,K
Cairo Santos,2025,3,8.02,K
Graham Gano,2025,3,8.0,K
Chris Boswell,2025,3,7.98,K
Riley Patterson,2025,3,7.98,K
Ryan Fitzgerald,2025,3,7.93,K
Joshua Karty,2025,3,7.83,K
Blake Grupe,2025,3,7.82,K
Spencer Shrader,2025,3,7.6,K
Chad Ryland,2025,3,7.52,K
Andy Borregales,2025,3,7.08,K
Andre Szmyt,2025,3,5.9,K
Josh Allen,2025,3,23.27,QB
Lamar Jackson,2025,3,21.69,QB
Baker Mayfield,2025,3,19.69,QB
Jalen Hurts,2025,3,19.52,QB
Patrick Mahomes,2025,3,19.3,QB
Justin Herbert,2025,3,18.49,QB
Kyler Murray,2025,3,18.46,QB
Daniel Jones,2025,3,17.75,QB
Russell Wilson,2025,3,17.59,QB
Jared Goff,2025,3,17.57,QB
Caleb Williams,2025,3,17.42,QB
Bo Nix,2025,3,17.17,QB
Matthew Stafford,2025,3,16.02,QB
Aaron Rodgers,2025,3,15.97,QB
Bryce Young,2025,3,15.24,QB
Dak Prescott,2025,3,15.03,QB
Tua Tagovailoa,2025,3,14.84,QB
Drake Maye,2025,3,14.83,QB
Sam Darnold,2025,3,14.73,QB
Joe Milton III,2025,3,14.7,QB
Geno Smith,2025,3,14.49,QB
Joe Flacco,2025,3,13.96,QB
Trevor Lawrence,2025,3,13.91,QB
Mac Jones,2025,3,13.9,QB
Spencer Rattler,2025,3,13.66,QB
Anthony Richardson,2025,3,13.4,QB
Jordan Love,2025,3,13.09,QB
Kirk Cousins,2025,3,12.73,QB
Jake Browning,2025,3,12.48,QB
C.J. Stroud,2025,3,12.37,QB
Michael Penix Jr.,2025,3,12.01,QB
Tyrod Taylor,2025,3,11.68,QB
Cam Ward,2025,3,10.13,QB
Andy Dalton,2025,3,9.43,QB
Carson Wentz,2025,3,9.28,QB
Drew Lock,2025,3,9.08,QB
Marcus Mariota,2025,3,6.21,QB
Max Brosmer,2025,3,4.32,QB
Tyler Shough,2025,3,3.68,QB
Jaxson Dart,2025,3,3.3,QB
Brett Rypien,2025,3,3.11,QB
Jalen Milroe,2025,3,2.77,QB
Bijan Robinson,2025,3,18.99,RB
Christian McCaffrey,2025,3,18.86,RB
Jonathan Taylor,2025,3,18.75,RB
Saquon Barkley,2025,3,17.93,RB
James Cook,2025,3,17.4,RB
Jahmyr Gibbs,2025,3,17.32,RB
Alvin Kamara,2025,3,17.24,RB
Derrick Henry,2025,3,16.84,RB
De'Von Achane,2025,3,16.36,RB
Bucky Irving,2025,3,15.33,RB
Chuba Hubbard,2025,3,15.26,RB
Josh Jacobs,2025,3,14.68,RB
Travis Etienne,2025,3,14.64,RB
Javonte Williams,2025,3,14.43,RB
Breece Hall,2025,3,14.12,RB
Kenneth Walker III,2025,3,13.89,RB
Kyren Williams,2025,3,13.67,RB
D'Andre Swift,2025,3,13.05,RB
Jaylen Warren,2025,3,12.95,RB
Dylan Sampson,2025,3,12.69,RB
Tony Pollard,2025,3,12.68,RB
Chase Brown,2025,3,12.6,RB
J.K. Dobbins,2025,3,12.58,RB
James Conner,2025,3,12.23,RB
Quinshon Judkins,2025,3,11.94,RB
Rhamondre Stevenson,2025,3,11.51,RB
Ashton Jeanty,2025,3,11.03,RB
Tyrone Tracy Jr.,2025,3,10.56,RB
David Montgomery,2025,3,10.44,RB
TreVeyon Henderson,2025,3,9.33,RB
Nick Chubb,2025,3,9.22,RB
Jordan Mason,2025,3,9.21,RB
Rachaad White,2025,3,9.13,RB
Cam Skattebo,2025,3,8.84,RB
Jerome Ford,2025,3,8.76,RB
Trey Benson,2025,3,8.07,RB
Tyler Allgeier,2025,3,7.77,RB
Rico Dowdle,2025,3,7.7,RB
Najee Harris,2025,3,7.61,RB
Miles Sanders,2025,3,7.42,RB
Omarion Hampton,2025,3,7.42,RB
Bhayshul Tuten,2025,3,7.37,RB
RJ Harvey,2025,3,6.79,RB
Isiah Pacheco,2025,3,6.63,RB
Kenneth Gainwell,2025,3,6.45,RB
Jacory Croskey-Merritt,2025,3,6.38,RB
Justice Hill,2025,3,6.23,RB
Kareem Hunt,2025,3,5.91,RB
Antonio Gibson,2025,3,5.72,RB
Cam Akers,2025,3,5.59,RB
Brian Robinson,2025,3,5.58,RB
Tank Bigsby,2025,3,5.3,RB
Kyle Monangai,2025,3,5.29,RB
Ty Johnson,2025,3,4.89,RB
Woody Marks,2025,3,4.88,RB
Ray Davis,2025,3,4.64,RB
Braelon Allen,2025,3,4.51,RB
Devin Singletary,2025,3,4.48,RB
Chris Brooks,2025,3,4.25,RB
Blake Corum,2025,3,4.25,RB
Tyler Badie,2025,3,4.16,RB
Zamir White,2025,3,4.06,RB
Isaiah Davis,2025,3,4.03,RB
Ollie Gordon II,2025,3,3.73,RB
Kendre Miller,2025,3,3.62,RB
Roschon Johnson,2025,3,3.56,RB
Chris Rodriguez Jr.,2025,3,3.4,RB
Jeremy McNichols,2025,3,3.34,RB
LeQuint Allen Jr.,2025,3,3.1,RB
Nate Carter,2025,3,3.07,RB
DJ Giddens,2025,3,3.01,RB
Emari Demercado,2025,3,2.98,RB
Dare Ogunbowale,2025,3,2.79,RB
Julius Chestnut,2025,3,2.74,RB
Samaje Perine,2025,3,2.69,RB
Jacardia Wright,2025,3,2.65,RB
Isaac Guerendo,2025,3,2.62,RB
Emanuel Wilson,2025,3,2.6,RB
Tyler Goodson,2025,3,2.57,RB
Trevor Etienne,2025,3,2.44,RB
Zavier Scott,2025,3,2.29,RB
Sean Tucker,2025,3,2.26,RB
Rasheen Ali,2025,3,2.21,RB
Hassan Haskins,2025,3,1.99,RB
Dylan Laube,2025,3,1.81,RB
Brashard Smith,2025,3,1.79,RB
Tahj Brooks,2025,3,1.76,RB
Sione Vaki,2025,3,1.73,RB
Andrew Beck,2025,3,1.59,RB
Jacob Saylors,2025,3,1.56,RB
George Holani,2025,3,1.31,RB
Velus Jones Jr.,2025,3,0.99,RB
Jakob Johnson,2025,3,0.55,RB
Brock Bowers,2025,3,15.7,TE
Trey McBride,2025,3,14.64,TE
Tyler Warren,2025,3,13.8,TE
Travis Kelce,2025,3,13.12,TE
Harold Fannin Jr.,2025,3,11.72,TE
Chig Okonkwo,2025,3,11.26,TE
David Njoku,2025,3,11.19,TE
Zach Ertz,2025,3,11.15,TE
Dallas Goedert,2025,3,10.79,TE
Sam LaPorta,2025,3,10.75,TE
Tucker Kraft,2025,3,10.71,TE
Juwan Johnson,2025,3,10.7,TE
Jake Ferguson,2025,3,10.21,TE
Jonnu Smith,2025,3,10.01,TE
Kyle Pitts,2025,3,9.51,TE
T.J. Hockenson,2025,3,9.49,TE
Pat Freiermuth,2025,3,9.11,TE
Dalton Kincaid,2025,3,9.09,TE
Noah Fant,2025,3,8.85,TE
Hunter Henry,2025,3,8.76,TE
Ja'Tavion Sanders,2025,3,8.55,TE
Dalton Schultz,2025,3,8.43,TE
Mark Andrews,2025,3,8.21,TE
Mike Gesicki,2025,3,7.62,TE
Tyler Higbee,2025,3,7.6,TE
Brenton Strange,2025,3,7.41,TE
Tyler Conklin,2025,3,7.05,TE
Theo Johnson,2025,3,6.81,TE
Austin Hooper,2025,3,6.27,TE
AJ Barner,2025,3,5.14,TE
Cole Kmet,2025,3,5.06,TE
Jake Tonges,2025,3,4.92,TE
Gunnar Helm,2025,3,4.91,TE
Mason Taylor,2025,3,4.66,TE
Noah Gray,2025,3,4.58,TE
Michael Mayer,2025,3,4.54,TE
Tommy Tremble,2025,3,4.18,TE
Grant Calcaterra,2025,3,4.12,TE
Elijah Higgins,2025,3,3.86,TE
Elijah Arroyo,2025,3,3.82,TE
Adam Trautman,2025,3,3.75,TE
Kylen Granson,2025,3,3.45,TE
Luke Schoonmaker,2025,3,3.3,TE
Davis Allen,2025,3,3.27,TE
Josh Oliver,2025,3,3.25,TE
Tanner Conner,2025,3,3.13,TE
Mitchell Evans,2025,3,3.01,TE
Drew Sample,2025,3,2.91,TE
Colston Loveland,2025,3,2.71,TE
Blake Whiteheart,2025,3,2.68,TE
Hunter Long,2025,3,2.67,TE
Lucas Krull,2025,3,2.62,TE
Johnny Mundt,2025,3,2.59,TE
Jackson Hawes,2025,3,2.59,TE
Cam Grandy,2025,3,2.43,TE
Daniel Bellinger,2025,3,2.28,TE
Tip Reiman,2025,3,2.23,TE
Oronde Gadsden II,2025,3,2.19,TE
Charlie Woerner,2025,3,2.01,TE
Tucker Fisk,2025,3,1.99,TE
Chris Manhertz,2025,3,1.94,TE
Eric Saubert,2025,3,1.93,TE
Brayden Willis,2025,3,1.84,TE
Brevyn Spann-Ford,2025,3,1.75,TE
John FitzPatrick,2025,3,1.69,TE
Ben Yurosek,2025,3,1.69,TE
Julian Hill,2025,3,1.56,TE
Charlie Kolar,2025,3,1.55,TE
Colson Yankoff,2025,3,1.41,TE
Jack Stoll,2025,3,1.32,TE
Ko Kieft,2025,3,1.23,TE
Ja'Marr Chase,2025,3,19.28,WR
Puka Nacua,2025,3,18.88,WR
Amon-Ra St. Brown,2025,3,17.67,WR
Ladd McConkey,2025,3,16.98,WR
Justin Jefferson,2025,3,16.53,WR
Davante Adams,2025,3,16.26,WR
Mike Evans,2025,3,15.93,WR
Jaxon Smith-Njigba,2025,3,15.86,WR
Malik Nabers,2025,3,15.41,WR
Drake London,2025,3,15.2,WR
Tee Higgins,2025,3,15.11,WR
Zay Flowers,2025,3,15.09,WR
Nico Collins,2025,3,14.62,WR
Brian Thomas Jr.,2025,3,14.62,WR
Keenan Allen,2025,3,14.52,WR
Tetairoa McMillan,2025,3,14.52,WR
Jakobi Meyers,2025,3,14.48,WR
DJ Moore,2025,3,14.19,WR
A.J. Brown,2025,3,13.88,WR
Garrett Wilson,2025,3,13.86,WR
Wan'Dale Robinson,2025,3,13.71,WR
Terry McLaurin,2025,3,13.67,WR
Rome Odunze,2025,3,13.51,WR
Jerry Jeudy,2025,3,13.44,WR
Courtland Sutton,2025,3,13.27,WR
Tyreek Hill,2025,3,13.18,WR
Deebo Samuel Sr.,2025,3,13.01,WR
Michael Pittman,2025,3,12.95,WR
Stefon Diggs,2025,3,12.81,WR
Calvin Ridley,2025,3,12.81,WR
Quentin Johnston,2025,3,12.63,WR
Chris Olave,2025,3,12.4,WR
Ricky Pearsall,2025,3,12.38,WR
Cooper Kupp,2025,3,12.21,WR
DK Metcalf,2025,3,11.94,WR
Rashid Shaheed,2025,3,11.83,WR
DeVonta Smith,2025,3,11.71,WR
George Pickens,2025,3,11.6,WR
Emeka Egbuka,2025,3,11.6,WR
Jameson Williams,2025,3,11.48,WR
Josh Downs,2025,3,11.47,WR
Troy Franklin,2025,3,11.24,WR
Marquise Brown,2025,3,11.17,WR
Marvin Harrison Jr.,2025,3,11.1,WR
Jaylen Waddle,2025,3,10.93,WR
Keon Coleman,2025,3,10.8,WR
Elic Ayomanor,2025,3,10.03,WR
Kayshon Boutte,2025,3,10.01,WR
Adam Thielen,2025,3,9.98,WR
Hunter Renfrow,2025,3,9.89,WR
Dyami Brown,2025,3,9.61,WR
Travis Hunter,2025,3,9.54,WR
Cedric Tillman,2025,3,9.5,WR
Christian Kirk,2025,3,9.43,WR
Khalil Shakir,2025,3,9.38,WR
Romeo Doubs,2025,3,9.34,WR
DeAndre Hopkins,2025,3,9.33,WR
Darnell Mooney,2025,3,9.06,WR
Rashod Bateman,2025,3,8.56,WR
Alec Pierce,2025,3,8.46,WR
Tre Tucker,2025,3,8.25,WR
Calvin Austin III,2025,3,8.02,WR
Tyquan Thornton,2025,3,8.02,WR
Josh Palmer,2025,3,7.85,WR
Marvin Mims Jr.,2025,3,7.81,WR
Dontayvion Wicks,2025,3,7.78,WR
Jalen Nailor,2025,3,7.51,WR
Sterling Shepard,2025,3,7.44,WR
Olamide Zaccheaus,2025,3,7.23,WR
Parker Washington,2025,3,7.22,WR
KaVontae Turpin,2025,3,7.18,WR
Brandin Cooks,2025,3,7.16,WR
Tyrell Shavers,2025,3,6.82,WR
Dont'e Thornton Jr.,2025,3,6.8,WR
DeMario Douglas,2025,3,6.65,WR
JuJu Smith-Schuster,2025,3,6.61,WR
Allen Lazard,2025,3,6.46,WR
Michael Wilson,2025,3,6.41,WR
Kendrick Bourne,2025,3,6.18,WR
Ray-Ray McCloud,2025,3,6.07,WR
Jalen Tolbert,2025,3,6.05,WR
Nick Westbrook-Ikhine,2025,3,5.98,WR
Jahan Dotson,2025,3,5.96,WR
Malik Washington,2025,3,5.95,WR
Chimere Dike,2025,3,5.86,WR
Elijah Moore,2025,3,5.8,WR
Devontez Walker,2025,3,5.63,WR
Xavier Hutchinson,2025,3,5.52,WR
Malik Heath,2025,3,5.27,WR
Marquez Valdes-Scantling,2025,3,5.14,WR
Chris Moore,2025,3,5.1,WR
Adonai Mitchell,2025,3,5.02,WR
Darius Slayton,2025,3,4.95,WR
Mack Hollins,2025,3,4.7,WR
Tory Horton,2025,3,4.69,WR
Brycen Tremayne,2025,3,4.56,WR
Jayden Higgins,2025,3,4.55,WR
Tyler Lockett,2025,3,4.51,WR
Van Jefferson,2025,3,4.5,WR
Isaiah Bond,2025,3,4.5,WR
Tyler Johnson,2025,3,4.43,WR
Tim Patrick,2025,3,4.42,WR
Kalif Raymond,2025,3,4.41,WR
Tre Harris,2025,3,4.38,WR
Greg Dortch,2025,3,4.08,WR
Luther Burden III,2025,3,3.99,WR
Ryan Miller,2025,3,3.78,WR
Simi Fehoko,2025,3,3.76,WR
Mitchell Tinsley,2025,3,3.72,WR
Arian Smith,2025,3,3.65,WR
Matthew Golden,2025,3,3.62,WR
Jordan Whittington,2025,3,3.57,WR
Zay Jones,2025,3,3.53,WR
Tylan Wallace,2025,3,3.4,WR
Isaac TeSlaa,2025,3,3.34,WR
Jaylin Noel,2025,3,3.29,WR
Kevin Austin Jr.,2025,3,3.24,WR
Jamari Thrash,2025,3,3.18,WR
Jack Bech,2025,3,3.05,WR
Jaylin Lane,2025,3,3.03,WR
David Moore,2025,3,3.0,WR
David Sills,2025,3,3.0,WR
John Metchie III,2025,3,2.98,WR
Tez Johnson,2025,3,2.96,WR
Kyle Williams,2025,3,2.89,WR
Tutu Atwell,2025,3,2.85,WR
Dalevon Campbell,2025,3,2.67,WR
Nikko Remigio,2025,3,2.64,WR
Dee Eskridge,2025,3,2.32,WR
Luke McCaffrey,2025,3,2.19,WR
Ben Skowronek,2025,3,2.14,WR
Kaden Davis,2025,3,2.07,WR
Xavier Smith,2025,3,2.04,WR
Ryan Flournoy,2025,3,2.0,WR
Savion Williams,2025,3,1.97,WR
Derius Davis,2025,3,1.82,WR
Ashton Dulin,2025,3,1.74,WR
DeAndre Carter,2025,3,1.66,WR
Tai Felton,2025,3,1.66,WR
LaJohntay Wester,2025,3,1.5,WR
Skyy Moore,2025,3,1.4,WR
Devin Duvernay,2025,3,1.29,WR
Kameron Johnson,2025,3,1.18,WR
Myles Price,2025,3,1.18,WR
Isaiah Williams,2025,3,1.09,WR
Anthony Gould,2025,3,1.0,WR
Gunner Olszewski,2025,3,0.82,WR
Charlie Jones,2025,3,0.78,WR
Dareke Young,2025,3,0.77,WR
LAC,2025,4,8.26,DEF
PHI,2025,4,8.22,DEF
MIN,2025,4,7.54,DEF
PIT,2025,4,7.53,DEF
SEA,2025,4,7.33,DEF
CAR,2025,4,7.01,DEF
HOU,2025,4,6.96,DEF
SF,2025,4,6.91,DEF
TB,2025,4,6.81,DEF
DEN,2025,4,6.78,DEF
MIA,2025,4,6.76,DEF
JAX,2025,4,6.73,DEF
ARI,2025,4,6.71,DEF
GB,2025,4,6.67,DEF
BUF,2025,4,6.63,DEF
DET,2025,4,6.63,DEF
NYG,2025,4,6.4,DEF
WAS,2025,4,6.33,DEF
NYJ,2025,4,6.31,DEF
IND,2025,4,6.26,DEF
KC,2025,4,6.25,DEF
ATL,2025,4,6.2,DEF
BAL,2025,4,6.18,DEF
LA,2025,4,6.18,DEF
CIN,2025,4,5.96,DEF
TEN,2025,4,5.95,DEF
CHI,2025,4,5.93,DEF
NE,2025,4,5.59,DEF
LV,2025,4,5.54,DEF
NO,2025,4,5.43,DEF
CLE,2025,4,5.4,DEF
DAL,2025,4,5.16,DEF
Jake Elliott,2025,4,9.5,K
Brandon Aubrey,2025,4,9.41,K
Jake Bates,2025,4,9.14,K
Matt Prater,2025,4,8.86,K
Will Reichard,2025,4,8.79,K
Chris Boswell,2025,4,8.75,K
Tyler Loop,2025,4,8.73,K
Eddy Pineiro,2025,4,8.64,K
Jason Myers,2025,4,8.63,K
Wil Lutz,2025,4,8.54,K
Evan McPherson,2025,4,8.53,K
Daniel Carlson,2025,4,8.48,K
Ka'imi Fairbairn,2025,4,8.45,K
Riley Patterson,2025,4,8.44,K
Harrison Butker,2025,4,8.41,K
John Parker Romo,2025,4,8.26,K
Matt Gay,2025,4,8.25,K
Joshua Karty,2025,4,8.22,K
Joey Slye,2025,4,8.02,K
Nick Folk,2025,4,8.0,K
Chase McLaughlin,2025,4,8.0,K
Brandon McManus,2025,4,7.88,K
Chad Ryland,2025,4,7.88,K
Spencer Shrader,2025,4,7.88,K
Cameron Dicker,2025,4,7.78,K
Jude McAtamney,2025,4,7.65,K
Cairo Santos,2025,4,7.53,K
Andy Borregales,2025,4,7.52,K
Blake Grupe,2025,4,7.5,K
Ryan Fitzgerald,2025,4,7.46,K
Andre Szmyt,2025,4,7.29,K
Cam Little,2025,4,7.23,K
Josh Allen,2025,4,23.09,QB
Lamar Jackson,2025,4,21.55,QB
Patrick Mahomes,2025,4,20.1,QB
Kyler Murray,2025,4,19.02,QB
Matthew Stafford,2025,4,18.63,QB
Jared Goff,2025,4,18.54,QB
Baker Mayfield,2025,4,18.44,QB
Jalen Hurts,2025,4,17.75,QB
Bo Nix,2025,4,17.74,QB
Brock Purdy,2025,4,17.56,QB
Justin Herbert,2025,4,17.38,QB
Dak Prescott,2025,4,16.78,QB
Caleb Williams,2025,4,16.77,QB
Russell Wilson,2025,4,16.52,QB
Daniel Jones,2025,4,16.42,QB
Drake Maye,2025,4,16.14,QB
Aaron Rodgers,2025,4,15.93,QB
Geno Smith,2025,4,15.81,QB
Tua Tagovailoa,2025,4,15.0,QB
Marcus Mariota,2025,4,14.37,QB
C.J. Stroud,2025,4,14.19,QB
Sam Darnold,2025,4,14.01,QB
Jordan Love,2025,4,13.85,QB
Carson Wentz,2025,4,13.6,QB
Spencer Rattler,2025,4,13.44,QB
Trevor Lawrence,2025,4,13.34,QB
Bryce Young,2025,4,13.2,QB
Joe Flacco,2025,4,12.49,QB
Michael Penix Jr.,2025,4,12.23,QB
Jake Browning,2025,4,11.65,QB
Justin Fields,2025,4,11.35,QB
Cam Ward,2025,4,11.32,QB
Joshua Dobbs,2025,4,8.31,QB
Andy Dalton,2025,4,8.1,QB
Gardner Minshew,2025,4,7.88,QB
Dillon Gabriel,2025,4,7.18,QB
Jaxson Dart,2025,4,5.02,QB
Cooper Rush,2025,4,4.02,QB
Kyle Allen,2025,4,2.17,QB
Christian McCaffrey,2025,4,19.46,RB
Jahmyr Gibbs,2025,4,19.33,RB
Jonathan Taylor,2025,4,18.36,RB
Bijan Robinson,2025,4,18.06,RB
De'Von Achane,2025,4,17.05,RB
James Cook,2025,4,17.04,RB
Saquon Barkley,2025,4,16.01,RB
Bucky Irving,2025,4,15.32,RB
Kyren Williams,2025,4,15.26,RB
Alvin Kamara,2025,4,14.98,RB
Chuba Hubbard,2025,4,14.78,RB
Javonte Williams,2025,4,14.65,RB
Josh Jacobs,2025,4,14.47,RB
Derrick Henry,2025,4,14.23,RB
David Montgomery,2025,4,13.93,RB
Travis Etienne,2025,4,13.7,RB
Breece Hall,2025,4,13.63,RB
J.K. Dobbins,2025,4,13.54,RB
Kenneth Walker III,2025,4,12.96,RB
Quinshon Judkins,2025,4,12.7,RB
Omarion Hampton,2025,4,12.63,RB
Chase Brown,2025,4,12.28,RB
Cam Skattebo,2025,4,12.21,RB
Tony Pollard,2025,4,12.18,RB
D'Andre Swift,2025,4,12.02,RB
Ashton Jeanty,2025,4,11.65,RB
Jordan Mason,2025,4,10.77,RB
Rhamondre Stevenson,2025,4,10.43,RB
Nick Chubb,2025,4,10.07,RB
TreVeyon Henderson,2025,4,9.36,RB
Trey Benson,2025,4,9.08,RB
Dylan Sampson,2025,4,9.08,RB
Michael Carter,2025,4,8.83,RB
Zach Charbonnet,2025,4,8.71,RB
Miles Sanders,2025,4,8.59,RB
Rico Dowdle,2025,4,8.58,RB
Kareem Hunt,2025,4,7.35,RB
Zavier Scott,2025,4,6.98,RB
Rachaad White,2025,4,6.96,RB
Jacory Croskey-Merritt,2025,4,6.86,RB
Isiah Pacheco,2025,4,6.8,RB
Kenneth Gainwell,2025,4,6.58,RB
Justice Hill,2025,4,6.46,RB
Chris Rodriguez Jr.,2025,4,6.29,RB
Ollie Gordon II,2025,4,6.13,RB
Bhayshul Tuten,2025,4,6.1,RB
RJ Harvey,2025,4,5.94,RB
Jeremy McNichols,2025,4,5.89,RB
Antonio Gibson,2025,4,5.83,RB
Tyler Allgeier,2025,4,5.77,RB
Braelon Allen,2025,4,5.76,RB
Jerome Ford,2025,4,5.71,RB
George Holani,2025,4,5.66,RB
Woody Marks,2025,4,5.56,RB
Blake Corum,2025,4,5.5,RB
Kendre Miller,2025,4,4.99,RB
Brian Robinson,2025,4,4.95,RB
Kyle Monangai,2025,4,4.9,RB
Ty Johnson,2025,4,4.72,RB
Devin Singletary,2025,4,4.52,RB
Samaje Perine,2025,4,3.99,RB
Craig Reynolds,2025,4,3.99,RB
AJ Dillon,2025,4,3.9,RB
Will Shipley,2025,4,3.9,RB
Kimani Vidal,2025,4,3.85,RB
Emari Demercado,2025,4,3.83,RB
Emanuel Wilson,2025,4,3.57,RB
Ray Davis,2025,4,3.49,RB
Raheem Mostert,2025,4,3.46,RB
Tank Bigsby,2025,4,3.23,RB
Brashard Smith,2025,4,3.22,RB
Kaleb Johnson,2025,4,3.21,RB
Trey Sermon,2025,4,3.09,RB
Tyler Badie,2025,4,3.07,RB
Roschon Johnson,2025,4,2.95,RB
Chris Brooks,2025,4,2.92,RB
Julius Chestnut,2025,4,2.88,RB
Tyler Goodson,2025,4,2.7,RB
Bam Knight,2025,4,2.57,RB
Isaiah Davis,2025,4,2.53,RB
Dylan Laube,2025,4,2.26,RB
LeQuint Allen Jr.,2025,4,2.17,RB
Sean Tucker,2025,4,1.85,RB
Tahj Brooks,2025,4,1.69,RB
Rasheen Ali,2025,4,1.66,RB
Hassan Haskins,2025,4,1.41,RB
Hunter Luepke,2025,4,1.34,RB
Adam Prentice,2025,4,1.31,RB
Trevor Etienne,2025,4,1.15,RB
Velus Jones Jr.,2025,4,1.14,RB
Jacob Saylors,2025,4,1.1,RB
Trey McBride,2025,4,15.32,TE
Brock Bowers,2025,4,15.0,TE
Tyler Warren,2025,4,13.54,TE
Travis Kelce,2025,4,13.3,TE
David Njoku,2025,4,11.5,TE
Sam LaPorta,2025,4,11.02,TE
Zach Ertz,2025,4,10.83,TE
Jake Ferguson,2025,4,10.7,TE
Juwan Johnson,2025,4,10.54,TE
Chig Okonkwo,2025,4,10.39,TE
Oronde Gadsden II,2025,4,10.37,TE
Dalton Kincaid,2025,4,10.35,TE
Hunter Henry,2025,4,10.33,TE
Dallas Goedert,2025,4,10.15,TE
T.J. Hockenson,2025,4,10.07,TE
Harold Fannin Jr.,2025,4,9.98,TE
Mark Andrews,2025,4,9.8,TE
Tucker Kraft,2025,4,9.53,TE
Jonnu Smith,2025,4,9.22,TE
Kyle Pitts,2025,4,9.12,TE
Dalton Schultz,2025,4,9.01,TE
Darren Waller,2025,4,8.48,TE
Evan Engram,2025,4,8.05,TE
Brenton Strange,2025,4,8.03,TE
Cade Otton,2025,4,7.68,TE
Mike Gesicki,2025,4,7.18,TE
Devin Culp,2025,4,6.82,TE
Tyler Higbee,2025,4,6.66,TE
Austin Hooper,2025,4,5.83,TE
Theo Johnson,2025,4,5.71,TE
Dawson Knox,2025,4,5.53,TE
Tyler Conklin,2025,4,5.5,TE
Noah Gray,2025,4,5.46,TE
Jake Tonges,2025,4,4.92,TE
Cole Kmet,2025,4,4.69,TE
Brock Wright,2025,4,4.35,TE
AJ Barner,2025,4,4.09,TE
Tommy Tremble,2025,4,4.08,TE
Mason Taylor,2025,4,4.03,TE
Colby Parkinson,2025,4,4.02,TE
Robert Tonyan,2025,4,3.8,TE
Elijah Higgins,2025,4,3.8,TE
Gunnar Helm,2025,4,3.73,TE
Elijah Arroyo,2025,4,3.72,TE
Adam Trautman,2025,4,3.33,TE
Tanner Conner,2025,4,3.33,TE
Josh Oliver,2025,4,3.31,TE
Payne Durham,2025,4,3.28,TE
Luke Musgrave,2025,4,3.24,TE
Mitchell Evans,2025,4,3.23,TE
Davis Allen,2025,4,3.21,TE
Jeremy Ruckert,2025,4,3.15,TE
Luke Schoonmaker,2025,4,3.1,TE
Jackson Hawes,2025,4,3.09,TE
Nate Adkins,2025,4,2.97,TE
Hunter Long,2025,4,2.82,TE
Darnell Washington,2025,4,2.77,TE
Daniel Bellinger,2025,4,2.69,TE
Jack Stoll,2025,4,2.64,TE
Kylen Granson,2025,4,2.48,TE
Luke Farrell,2025,4,2.46,TE
Andrew Ogletree,2025,4,2.46,TE
Johnny Mundt,2025,4,2.43,TE
Ian Thomas,2025,4,2.42,TE
Ben Sinnott,2025,4,2.42,TE
Grant Calcaterra,2025,4,2.36,TE
Tucker Fisk,2025,4,2.29,TE
Chris Manhertz,2025,4,2.24,TE
Cameron Latu,2025,4,2.18,TE
James Mitchell,2025,4,2.07,TE
Eric Saubert,2025,4,2.03,TE
Quintin Morris,2025,4,1.99,TE
Feleipe Franks,2025,4,1.84,TE
Julian Hill,2025,4,1.57,TE
Brayden Willis,2025,4,1.36,TE
Blake Whiteheart,2025,4,1.33,TE
Connor Heyward,2025,4,1.3,TE
Justin Shorter,2025,4,1.28,TE
Colson Yankoff,2025,4,0.95,TE
Ja'Marr Chase,2025,4,19.25,WR
Amon-Ra St. Brown,2025,4,18.16,WR
Puka Nacua,2025,4,18.09,WR
Malik Nabers,2025,4,16.98,WR
Chris Godwin Jr.,2025,4,16.44,WR
Davante Adams,2025,4,16.3,WR
Ladd McConkey,2025,4,16.1,WR
Justin Jefferson,2025,4,15.75,WR
Nico Collins,2025,4,15.68,WR
Drake London,2025,4,15.6,WR
Garrett Wilson,2025,4,15.42,WR
Jaxon Smith-Njigba,2025,4,14.76,WR
Jakobi Meyers,2025,4,14.62,WR
Brian Thomas Jr.,2025,4,14.47,WR
Zay Flowers,2025,4,14.45,WR
Keenan Allen,2025,4,14.2,WR
Wan'Dale Robinson,2025,4,14.19,WR
Tyreek Hill,2025,4,14.03,WR
A.J. Brown,2025,4,13.99,WR
Courtland Sutton,2025,4,13.6,WR
Emeka Egbuka,2025,4,13.59,WR
Tetairoa McMillan,2025,4,13.57,WR
Michael Pittman,2025,4,13.46,WR
Chris Olave,2025,4,13.37,WR
DeVonta Smith,2025,4,13.34,WR
DJ Moore,2025,4,13.08,WR
Tee Higgins,2025,4,13.02,WR
Jerry Jeudy,2025,4,13.01,WR
DK Metcalf,2025,4,12.73,WR
Xavier Worthy,2025,4,12.67,WR
Deebo Samuel Sr.,2025,4,12.55,WR
Calvin Ridley,2025,4,12.5,WR
Rome Odunze,2025,4,12.39,WR
Ricky Pearsall,2025,4,12.08,WR
George Pickens,2025,4,11.95,WR
Quentin Johnston,2025,4,11.94,WR
Tre Tucker,2025,4,11.63,WR
Jordan Addison,2025,4,11.43,WR
Stefon Diggs,2025,4,11.36,WR
Marquise Brown,2025,4,11.35,WR
Jauan Jennings,2025,4,11.34,WR
Cooper Kupp,2025,4,11.21,WR
Marvin Harrison Jr.,2025,4,11.19,WR
Jaylen Waddle,2025,4,10.99,WR
Rashid Shaheed,2025,4,10.81,WR
Jameson Williams,2025,4,10.66,WR
Darnell Mooney,2025,4,10.35,WR
Tyquan Thornton,2025,4,10.34,WR
Khalil Shakir,2025,4,10.08,WR
Elic Ayomanor,2025,4,10.05,WR
Christian Kirk,2025,4,9.78,WR
Calvin Austin III,2025,4,9.51,WR
Troy Franklin,2025,4,9.48,WR
Kayshon Boutte,2025,4,9.35,WR
Josh Downs,2025,4,9.17,WR
Keon Coleman,2025,4,9.13,WR
Rashod Bateman,2025,4,8.88,WR
Dontayvion Wicks,2025,4,8.55,WR
Adam Thielen,2025,4,8.4,WR
Sterling Shepard,2025,4,8.39,WR
Romeo Doubs,2025,4,8.34,WR
Cedric Tillman,2025,4,8.28,WR
Jalen Nailor,2025,4,7.98,WR
Parker Washington,2025,4,7.91,WR
Hunter Renfrow,2025,4,7.77,WR
JuJu Smith-Schuster,2025,4,7.64,WR
KaVontae Turpin,2025,4,7.56,WR
Jalen Tolbert,2025,4,7.53,WR
Tory Horton,2025,4,7.44,WR
DeAndre Hopkins,2025,4,7.42,WR
Allen Lazard,2025,4,7.17,WR
Josh Palmer,2025,4,7.01,WR
Travis Hunter,2025,4,6.91,WR
Luther Burden III,2025,4,6.87,WR
Dont'e Thornton Jr.,2025,4,6.86,WR
Marvin Mims Jr.,2025,4,6.8,WR
Malik Washington,2025,4,6.72,WR
Olamide Zaccheaus,2025,4,6.61,WR
Kendrick Bourne,2025,4,6.58,WR
Brandin Cooks,2025,4,6.57,WR
Elijah Moore,2025,4,6.53,WR
Matthew Golden,2025,4,6.5,WR
Ray-Ray McCloud,2025,4,6.23,WR
Mack Hollins,2025,4,6.07,WR
Chimere Dike,2025,4,6.03,WR
Tyrell Shavers,2025,4,6.02,WR
Curtis Samuel,2025,4,5.89,WR
Casey Washington,2025,4,5.81,WR
Darius Slayton,2025,4,5.75,WR
Tyler Lockett,2025,4,5.66,WR
Michael Wilson,2025,4,5.51,WR
Demarcus Robinson,2025,4,5.49,WR
Andrei Iosivas,2025,4,5.19,WR
Xavier Hutchinson,2025,4,5.18,WR
Pat Bryant,2025,4,5.03,WR
Chris Moore,2025,4,4.96,WR
Luke McCaffrey,2025,4,4.67,WR
Jayden Higgins,2025,4,4.57,WR
Xavier Weaver,2025,4,4.54,WR
Josh Reynolds,2025,4,4.51,WR
Devontez Walker,2025,4,4.51,WR
Jahan Dotson,2025,4,4.48,WR
Kalif Raymond,2025,4,4.34,WR
Jaylin Lane,2025,4,4.31,WR
Greg Dortch,2025,4,4.3,WR
Jordan Whittington,2025,4,4.24,WR
Nick Westbrook-Ikhine,2025,4,4.03,WR
Isaiah Bond,2025,4,4.02,WR
Tay Martin,2025,4,3.98,WR
Adonai Mitchell,2025,4,3.89,WR
Tez Johnson,2025,4,3.86,WR
Van Jefferson,2025,4,3.76,WR
Brycen Tremayne,2025,4,3.7,WR
Tim Patrick,2025,4,3.49,WR
Malik Heath,2025,4,3.41,WR
Ryan Flournoy,2025,4,3.38,WR
Jack Bech,2025,4,3.36,WR
Jaylin Noel,2025,4,3.18,WR
Tutu Atwell,2025,4,3.14,WR
David Moore,2025,4,3.12,WR
Tylan Wallace,2025,4,3.06,WR
Simi Fehoko,2025,4,3.04,WR
Jalen Royals,2025,4,2.96,WR
Tre Harris,2025,4,2.84,WR
Mitchell Tinsley,2025,4,2.81,WR
Jamal Agnew,2025,4,2.8,WR
Kyle Williams,2025,4,2.73,WR
Scott Miller,2025,4,2.66,WR
KeAndre Lambert-Smith,2025,4,2.58,WR
John Metchie III,2025,4,2.5,WR
Jake Bobo,2025,4,2.46,WR
Jahdae Walker,2025,4,2.4,WR
Ben Skowronek,2025,4,1.8,WR
Xavier Smith,2025,4,1.8,WR
Ashton Dulin,2025,4,1.73,WR
Nikko Remigio,2025,4,1.63,WR
Tai Felton,2025,4,1.57,WR
Dareke Young,2025,4,1.52,WR
Savion Williams,2025,4,1.48,WR
Skyy Moore,2025,4,1.22,WR
Kameron Johnson,2025,4,0.99,WR
Anthony Gould,2025,4,0.99,WR
Devin Duvernay,2025,4,0.85,WR
Gunner Olszewski,2025,4,0.84,WR
Isaiah Williams,2025,4,0.84,WR
Myles Price,2025,4,0.82,WR
Charlie Jones,2025,4,0.72,WR
DeAndre Carter,2025,4,0.63,WR
PHI,2025,5,8.01,DEF
SEA,2025,5,7.94,DEF
MIN,2025,5,7.86,DEF
DET,2025,5,7.67,DEF
LA,2025,5,7.67,DEF
HOU,2025,5,7.49,DEF
JAX,2025,5,7.24,DEF
KC,2025,5,7.19,DEF
ARI,2025,5,7.01,DEF
BAL,2025,5,6.93,DEF
DAL,2025,5,6.89,DEF
BUF,2025,5,6.66,DEF
IND,2025,5,6.53,DEF
SF,2025,5,6.24,DEF
CLE,2025,5,6.22,DEF
MIA,2025,5,6.17,DEF
DEN,2025,5,6.16,DEF
LAC,2025,5,6.06,DEF
NYG,2025,5,5.93,DEF
CAR,2025,5,5.8,DEF
TB,2025,5,5.79,DEF
NO,2025,5,5.76,DEF
TEN,2025,5,5.75,DEF
NE,2025,5,5.72,DEF
NYJ,2025,5,5.65,DEF
WAS,2025,5,5.62,DEF
CIN,2025,5,5.15,DEF
LV,2025,5,4.85,DEF
Spencer Shrader,2025,5,9.26,K
Joshua Karty,2025,5,9.01,K
Jake Bates,2025,5,8.95,K
Jake Elliott,2025,5,8.86,K
Tyler Loop,2025,5,8.84,K
Cameron Dicker,2025,5,8.59,K
Jason Myers,2025,5,8.56,K
Matt Gay,2025,5,8.52,K
Will Reichard,2025,5,8.48,K
Brandon Aubrey,2025,5,8.46,K
Chad Ryland,2025,5,8.44,K
Matt Prater,2025,5,8.37,K
Nick Folk,2025,5,8.35,K
Evan McPherson,2025,5,8.16,K
Wil Lutz,2025,5,8.08,K
Harrison Butker,2025,5,8.08,K
Chase McLaughlin,2025,5,8.04,K
Jude McAtamney,2025,5,8.04,K
Daniel Carlson,2025,5,7.99,K
Joey Slye,2025,5,7.96,K
Riley Patterson,2025,5,7.86,K
Eddy Pineiro,2025,5,7.84,K
Ka'imi Fairbairn,2025,5,7.79,K
Blake Grupe,2025,5,7.62,K
Cam Little,2025,5,7.47,K
Andy Borregales,2025,5,7.26,K
Ryan Fitzgerald,2025,5,7.15,K
Andre Szmyt,2025,5,6.22,K
Josh Allen,2025,5,22.12,QB
Kyler Murray,2025,5,20.52,QB
Jalen Hurts,2025,5,20.45,QB
Jayden Daniels,2025,5,20.38,QB
Patrick Mahomes,2025,5,19.95,QB
Baker Mayfield,2025,5,18.16,QB
Justin Herbert,2025,5,18.08,QB
Matthew Stafford,2025,5,17.7,QB
Justin Fields,2025,5,17.09,QB
Jared Goff,2025,5,16.42,QB
Bo Nix,2025,5,16.25,QB
Daniel Jones,2025,5,16.06,QB
Drake Maye,2025,5,15.88,QB
Dak Prescott,2025,5,15.59,QB
Tua Tagovailoa,2025,5,14.46,QB
Carson Wentz,2025,5,14.38,QB
Sam Darnold,2025,5,14.38,QB
Bryce Young,2025,5,13.93,QB
Spencer Rattler,2025,5,13.55,QB
Geno Smith,2025,5,13.32,QB
Trevor Lawrence,2025,5,12.97,QB
Mac Jones,2025,5,12.84,QB
C.J. Stroud,2025,5,12.24,QB
Jaxson Dart,2025,5,12.08,QB
Jake Browning,2025,5,11.56,QB
Cam Ward,2025,5,9.89,QB
Anthony Richardson,2025,5,7.59,QB
Dillon Gabriel,2025,5,7.23,QB
Cooper Rush,2025,5,5.98,QB
Max Brosmer,2025,5,4.72,QB
Trey Lance,2025,5,3.83,QB
Davis Mills,2025,5,3.22,QB
Jalen Milroe,2025,5,3.07,QB
Jacoby Brissett,2025,5,2.39,QB
Jonathan Taylor,2025,5,19.6,RB
Christian McCaffrey,2025,5,18.97,RB
James Cook,2025,5,17.82,RB
Jahmyr Gibbs,2025,5,17.57,RB
Saquon Barkley,2025,5,16.97,RB
Omarion Hampton,2025,5,16.73,RB
De'Von Achane,2025,5,16.17,RB
Alvin Kamara,2025,5,16.08,RB
Kyren Williams,2025,5,15.54,RB
Breece Hall,2025,5,15.32,RB
Javonte Williams,2025,5,15.02,RB
Quinshon Judkins,2025,5,14.5,RB
Travis Etienne,2025,5,14.26,RB
Kenneth Walker III,2025,5,14.03,RB
Ashton Jeanty,2025,5,14.0,RB
Cam Skattebo,2025,5,13.76,RB
J.K. Dobbins,2025,5,12.77,RB
Derrick Henry,2025,5,12.73,RB
Chase Brown,2025,5,12.69,RB
Tony Pollard,2025,5,12.04,RB
Jordan Mason,2025,5,10.69,RB
Zach Charbonnet,2025,5,10.67,RB
David Montgomery,2025,5,10.6,RB
Woody Marks,2025,5,10.28,RB
Rhamondre Stevenson,2025,5,9.69,RB
Nick Chubb,2025,5,9.5,RB
RJ Harvey,2025,5,9.3,RB
Zavier Scott,2025,5,9.11,RB
Ameer Abdullah,2025,5,9.06,RB
Justice Hill,2025,5,8.91,RB
Tyjae Spears,2025,5,8.56,RB
Rachaad White,2025,5,8.49,RB
Kareem Hunt,2025,5,8.31,RB
TreVeyon Henderson,2025,5,8.16,RB
Jacory Croskey-Merritt,2025,5,7.66,RB
Isiah Pacheco,2025,5,7.37,RB
Rico Dowdle,2025,5,6.92,RB
Michael Carter,2025,5,6.9,RB
Khalil Herbert,2025,5,6.79,RB
Kendre Miller,2025,5,6.53,RB
Chris Rodriguez Jr.,2025,5,6.1,RB
Raheem Mostert,2025,5,6.09,RB
Blake Corum,2025,5,5.78,RB
Bhayshul Tuten,2025,5,5.71,RB
Cam Akers,2025,5,5.44,RB
Dylan Sampson,2025,5,5.32,RB
Antonio Gibson,2025,5,5.09,RB
Isaiah Davis,2025,5,4.8,RB
Jerome Ford,2025,5,4.45,RB
Ollie Gordon II,2025,5,4.27,RB
Devin Singletary,2025,5,4.24,RB
Brian Robinson,2025,5,4.19,RB
Dameon Pierce,2025,5,4.11,RB
AJ Dillon,2025,5,4.1,RB
Jeremy McNichols,2025,5,4.08,RB
Brashard Smith,2025,5,4.07,RB
Samaje Perine,2025,5,3.89,RB
Ty Johnson,2025,5,3.85,RB
Emari Demercado,2025,5,3.58,RB
Trevor Etienne,2025,5,3.52,RB
George Holani,2025,5,3.13,RB
Will Shipley,2025,5,3.11,RB
Keaton Mitchell,2025,5,3.1,RB
Ray Davis,2025,5,3.07,RB
DeeJay Dallas,2025,5,2.85,RB
Jacob Saylors,2025,5,2.85,RB
Julius Chestnut,2025,5,2.84,RB
Tyler Badie,2025,5,2.79,RB
Tank Bigsby,2025,5,2.79,RB
DJ Giddens,2025,5,2.76,RB
Kimani Vidal,2025,5,2.54,RB
Dare Ogunbowale,2025,5,2.43,RB
LeQuint Allen Jr.,2025,5,2.38,RB
Isaac Guerendo,2025,5,2.21,RB
Craig Reynolds,2025,5,2.19,RB
Bam Knight,2025,5,2.16,RB
Josh Williams,2025,5,2.08,RB
Dylan Laube,2025,5,2.07,RB
Jaydon Blue,2025,5,1.99,RB
Hunter Luepke,2025,5,1.91,RB
Adam Prentice,2025,5,1.6,RB
Rasheen Ali,2025,5,1.46,RB
British Brooks,2025,5,1.32,RB
Sean Tucker,2025,5,1.26,RB
Andrew Beck,2025,5,1.23,RB
Hassan Haskins,2025,5,1.2,RB
Velus Jones Jr.,2025,5,1.19,RB
Avery Williams,2025,5,1.15,RB
Trey McBride,2025,5,14.85,TE
Travis Kelce,2025,5,13.31,TE
Tyler Warren,2025,5,13.27,TE
Jake Ferguson,2025,5,11.42,TE
Sam LaPorta,2025,5,10.71,TE
Darren Waller,2025,5,10.67,TE
Juwan Johnson,2025,5,10.6,TE
Mark Andrews,2025,5,10.35,TE
David Njoku,2025,5,10.23,TE
Zach Ertz,2025,5,10.12,TE
Dallas Goedert,2025,5,10.06,TE
Hunter Henry,2025,5,9.86,TE
T.J. Hockenson,2025,5,9.84,TE
Brenton Strange,2025,5,9.52,TE
Dalton Kincaid,2025,5,9.36,TE
Dalton Schultz,2025,5,9.12,TE
Evan Engram,2025,5,8.9,TE
Mason Taylor,2025,5,8.66,TE
Harold Fannin Jr.,2025,5,8.62,TE
Taysom Hill,2025,5,8.49,TE
Chig Okonkwo,2025,5,7.91,TE
Isaiah Likely,2025,5,7.9,TE
Oronde Gadsden II,2025,5,7.43,TE
Theo Johnson,2025,5,6.96,TE
Tommy Tremble,2025,5,6.95,TE
Jake Tonges,2025,5,6.88,TE
Mike Gesicki,2025,5,6.52,TE
Cade Otton,2025,5,6.21,TE
AJ Barner,2025,5,5.33,TE
Tyler Conklin,2025,5,4.83,TE
Hunter Long,2025,5,4.55,TE
Elijah Arroyo,2025,5,4.48,TE
Gunnar Helm,2025,5,4.36,TE
Dawson Knox,2025,5,4.35,TE
Drew Sample,2025,5,4.22,TE
Mitchell Evans,2025,5,3.61,TE
Albert Okwuegbunam,2025,5,3.56,TE
Charlie Kolar,2025,5,3.56,TE
Elijah Higgins,2025,5,3.46,TE
Harrison Bryant,2025,5,3.45,TE
Davis Allen,2025,5,3.4,TE
Colby Parkinson,2025,5,3.39,TE
Brock Wright,2025,5,3.32,TE
Grant Calcaterra,2025,5,3.19,TE
Jeremy Ruckert,2025,5,3.12,TE
Nate Adkins,2025,5,3.12,TE
Tip Reiman,2025,5,3.08,TE
Luke Schoonmaker,2025,5,3.0,TE
Adam Trautman,2025,5,2.97,TE
James Mitchell,2025,5,2.97,TE
Tanner Conner,2025,5,2.85,TE
Luke Farrell,2025,5,2.77,TE
Zaire Mitchell-Paden,2025,5,2.76,TE
Payne Durham,2025,5,2.6,TE
Daniel Bellinger,2025,5,2.59,TE
Josh Oliver,2025,5,2.54,TE
Johnny Mundt,2025,5,2.41,TE
Julian Hill,2025,5,2.26,TE
Kylen Granson,2025,5,2.22,TE
John Bates,2025,5,2.19,TE
Quintin Morris,2025,5,1.86,TE
Ian Thomas,2025,5,1.84,TE
Terrance Ferguson,2025,5,1.82,TE
Cameron Latu,2025,5,1.63,TE
Brevyn Spann-Ford,2025,5,1.55,TE
Brenden Bates,2025,5,1.48,TE
Travis Vokolek,2025,5,1.2,TE
Brayden Willis,2025,5,1.14,TE
Colson Yankoff,2025,5,0.87,TE
Ja'Marr Chase,2025,5,20.72,WR
Amon-Ra St. Brown,2025,5,17.52,WR
Puka Nacua,2025,5,17.23,WR
Justin Jefferson,2025,5,16.44,WR
Davante Adams,2025,5,16.17,WR
Chris Godwin Jr.,2025,5,15.98,WR
Garrett Wilson,2025,5,15.57,WR
Jaxon Smith-Njigba,2025,5,15.27,WR
Jakobi Meyers,2025,5,14.61,WR
A.J. Brown,2025,5,14.34,WR
Zay Flowers,2025,5,14.18,WR
Emeka Egbuka,2025,5,14.17,WR
Nico Collins,2025,5,13.96,WR
Brian Thomas Jr.,2025,5,13.68,WR
Keenan Allen,2025,5,13.58,WR
Stefon Diggs,2025,5,13.57,WR
Ladd McConkey,2025,5,13.47,WR
George Pickens,2025,5,13.22,WR
Tetairoa McMillan,2025,5,13.16,WR
Jordan Addison,2025,5,13.11,WR
Chris Olave,2025,5,13.06,WR
Courtland Sutton,2025,5,12.91,WR
Jerry Jeudy,2025,5,12.77,WR
Michael Pittman,2025,5,12.76,WR
DeVonta Smith,2025,5,12.59,WR
Quentin Johnston,2025,5,12.53,WR
Deebo Samuel Sr.,2025,5,12.11,WR
Xavier Worthy,2025,5,12.1,WR
Marvin Harrison Jr.,2025,5,12.04,WR
Khalil Shakir,2025,5,11.85,WR
Tee Higgins,2025,5,11.83,WR
Cooper Kupp,2025,5,11.75,WR
Wan'Dale Robinson,2025,5,11.61,WR
Calvin Ridley,2025,5,11.44,WR
Jaylen Waddle,2025,5,11.34,WR
Rashid Shaheed,2025,5,11.15,WR
Marquise Brown,2025,5,10.87,WR
Jameson Williams,2025,5,10.87,WR
Tre Tucker,2025,5,10.02,WR
Elic Ayomanor,2025,5,9.81,WR
Troy Franklin,2025,5,9.36,WR
Keon Coleman,2025,5,9.34,WR
Josh Downs,2025,5,9.31,WR
Christian Kirk,2025,5,8.97,WR
Kayshon Boutte,2025,5,8.87,WR
Marvin Mims Jr.,2025,5,8.65,WR
Tyquan Thornton,2025,5,8.35,WR
Rashod Bateman,2025,5,7.91,WR
Dyami Brown,2025,5,7.71,WR
Travis Hunter,2025,5,7.65,WR
JuJu Smith-Schuster,2025,5,7.6,WR
Sterling Shepard,2025,5,7.37,WR
Jalen Tolbert,2025,5,7.2,WR
Hunter Renfrow,2025,5,6.97,WR
Josh Palmer,2025,5,6.93,WR
Jalen Nailor,2025,5,6.82,WR
Xavier Legette,2025,5,6.71,WR
Parker Washington,2025,5,6.68,WR
Darius Slayton,2025,5,6.61,WR
Allen Lazard,2025,5,6.48,WR
DeMario Douglas,2025,5,6.47,WR
Tory Horton,2025,5,6.43,WR
Brandin Cooks,2025,5,6.39,WR
Curtis Samuel,2025,5,6.38,WR
Malik Washington,2025,5,5.94,WR
Isaiah Bond,2025,5,5.92,WR
DeAndre Hopkins,2025,5,5.91,WR
Greg Dortch,2025,5,5.86,WR
Adonai Mitchell,2025,5,5.84,WR
Andrei Iosivas,2025,5,5.72,WR
Demarcus Robinson,2025,5,5.71,WR
Michael Wilson,2025,5,5.71,WR
Brycen Tremayne,2025,5,5.35,WR
Luke McCaffrey,2025,5,5.33,WR
Dont'e Thornton Jr.,2025,5,5.26,WR
Kendrick Bourne,2025,5,5.23,WR
Tyler Lockett,2025,5,4.94,WR
Jaylin Lane,2025,5,4.69,WR
Devaughn Vele,2025,5,4.67,WR
Tyrell Shavers,2025,5,4.65,WR
Tutu Atwell,2025,5,4.63,WR
Zay Jones,2025,5,4.47,WR
Xavier Hutchinson,2025,5,4.4,WR
Kalif Raymond,2025,5,4.37,WR
Jayden Higgins,2025,5,4.34,WR
Josh Reynolds,2025,5,4.31,WR
Chris Moore,2025,5,4.1,WR
Arian Smith,2025,5,3.98,WR
Ryan Flournoy,2025,5,3.85,WR
Devontez Walker,2025,5,3.83,WR
Pat Bryant,2025,5,3.79,WR
Jordan Whittington,2025,5,3.76,WR
Tay Martin,2025,5,3.72,WR
Marquez Valdes-Scantling,2025,5,3.7,WR
Chimere Dike,2025,5,3.61,WR
Jahan Dotson,2025,5,3.33,WR
Jamari Thrash,2025,5,3.31,WR
Isaac TeSlaa,2025,5,3.31,WR
Jake Bobo,2025,5,3.09,WR
Jalen Brooks,2025,5,3.05,WR
Tim Patrick,2025,5,2.94,WR
Jaylin Noel,2025,5,2.88,WR
Simi Fehoko,2025,5,2.85,WR
Jalin Hyatt,2025,5,2.8,WR
Gage Larvadain,2025,5,2.79,WR
Jalen Cropper,2025,5,2.73,WR
Malachi Corley,2025,5,2.72,WR
Jimmy Horn Jr.,2025,5,2.52,WR
Tez Johnson,2025,5,2.45,WR
Jason Brownlee,2025,5,2.36,WR
Trent Sherfield,2025,5,2.35,WR
Malik Turner,2025,5,2.2,WR
Xavier Smith,2025,5,2.14,WR
Jack Bech,2025,5,1.83,WR
KeAndre Lambert-Smith,2025,5,1.79,WR
Beaux Collins,2025,5,1.71,WR
Skyy Moore,2025,5,1.56,WR
Dee Eskridge,2025,5,1.48,WR
Alex Bachman,2025,5,1.4,WR
Ashton Dulin,2025,5,1.26,WR
Tai Felton,2025,5,1.25,WR
LaJohntay Wester,2025,5,1.18,WR
Nikko Remigio,2025,5,1.15,WR
Dareke Young,2025,5,1.05,WR
Charlie Jones,2025,5,1.05,WR
Anthony Gould,2025,5,0.89,WR
Kameron Johnson,2025,5,0.82,WR
Gunner Olszewski,2025,5,0.59,WR
Myles Price,2025,5,0.58,WR
PIT,2025,6,8.45,DEF
PHI,2025,6,8.13,DEF
DAL,2025,6,7.64,DEF
SEA,2025,6,7.33,DEF
DEN,2025,6,7.28,DEF
JAX,2025,6,7.13,DEF
LAC,2025,6,6.99,DEF
IND,2025,6,6.95,DEF
GB,2025,6,6.83,DEF
LA,2025,6,6.77,DEF
CHI,2025,6,6.48,DEF
DET,2025,6,6.48,DEF
BUF,2025,6,6.42,DEF
TB,2025,6,6.34,DEF
MIA,2025,6,6.31,DEF
BAL,2025,6,6.17,DEF
NE,2025,6,6.12,DEF
SF,2025,6,6.12,DEF
KC,2025,6,6.07,DEF
NYG,2025,6,6.0,DEF
WAS,2025,6,5.97,DEF
CIN,2025,6,5.95,DEF
NYJ,2025,6,5.87,DEF
NO,2025,6,5.8,DEF
TEN,2025,6,5.68,DEF
CLE,2025,6,5.62,DEF
ARI,2025,6,5.6,DEF
LV,2025,6,5.42,DEF
ATL,2025,6,5.37,DEF
CAR,2025,6,5.35,DEF
Jake Bates,2025,6,9.11,K
Chase McLaughlin,2025,6,8.93,K
John Parker Romo,2025,6,8.74,K
Jason Myers,2025,6,8.69,K
Chris Boswell,2025,6,8.58,K
Matt Gay,2025,6,8.53,K
Lucas Havrisik,2025,6,8.47,K
Jake Elliott,2025,6,8.45,K
Joshua Karty,2025,6,8.44,K
Matt Prater,2025,6,8.35,K
Brandon Aubrey,2025,6,8.33,K
Jake Moody,2025,6,8.33,K
Wil Lutz,2025,6,8.3,K
Harrison Butker,2025,6,8.26,K
Tyler Loop,2025,6,8.21,K
Nick Folk,2025,6,8.15,K
Mike Badgley,2025,6,8.15,K
Riley Patterson,2025,6,8.13,K
Cameron Dicker,2025,6,8.13,K
Daniel Carlson,2025,6,8.06,K
Chad Ryland,2025,6,7.77,K
Cam Little,2025,6,7.72,K
Andy Borregales,2025,6,7.72,K
Evan McPherson,2025,6,7.57,K
Eddy Pineiro,2025,6,7.53,K
Ryan Fitzgerald,2025,6,7.29,K
Matthew Wright,2025,6,7.26,K
Blake Grupe,2025,6,7.26,K
Jude McAtamney,2025,6,6.86,K
Andre Szmyt,2025,6,5.95,K
Josh Allen,2025,6,22.66,QB
Patrick Mahomes,2025,6,20.81,QB
Baker Mayfield,2025,6,20.05,QB
Jayden Daniels,2025,6,20.02,QB
Jalen Hurts,2025,6,19.45,QB
Dak Prescott,2025,6,19.04,QB
Matthew Stafford,2025,6,17.19,QB
Jordan Love,2025,6,16.8,QB
Tua Tagovailoa,2025,6,16.72,QB
Justin Fields,2025,6,16.51,QB
Aaron Rodgers,2025,6,16.49,QB
Daniel Jones,2025,6,16.25,QB
Caleb Williams,2025,6,16.16,QB
Justin Herbert,2025,6,15.91,QB
Russell Wilson,2025,6,15.79,QB
Bo Nix,2025,6,15.75,QB
Jared Goff,2025,6,15.7,QB
Drake Maye,2025,6,15.1,QB
Trevor Lawrence,2025,6,15.0,QB
Sam Darnold,2025,6,14.89,QB
Geno Smith,2025,6,14.53,QB
Spencer Rattler,2025,6,14.16,QB
Jaxson Dart,2025,6,13.3,QB
Michael Penix Jr.,2025,6,13.18,QB
Bryce Young,2025,6,13.11,QB
Mac Jones,2025,6,12.95,QB
Cam Ward,2025,6,11.61,QB
Joe Flacco,2025,6,11.42,QB
Dillon Gabriel,2025,6,11.02,QB
Cooper Rush,2025,6,7.65,QB
Tyler Huntley,2025,6,6.86,QB
Mason Rudolph,2025,6,4.73,QB
Jacoby Brissett,2025,6,3.51,QB
Bijan Robinson,2025,6,20.59,RB
Christian McCaffrey,2025,6,20.02,RB
Jonathan Taylor,2025,6,18.94,RB
Josh Jacobs,2025,6,18.26,RB
De'Von Achane,2025,6,17.47,RB
Javonte Williams,2025,6,16.74,RB
Jahmyr Gibbs,2025,6,16.04,RB
Saquon Barkley,2025,6,15.96,RB
Kyren Williams,2025,6,15.89,RB
James Cook,2025,6,15.66,RB
Rico Dowdle,2025,6,15.56,RB
Breece Hall,2025,6,15.46,RB
Alvin Kamara,2025,6,15.32,RB
Ashton Jeanty,2025,6,14.69,RB
Cam Skattebo,2025,6,14.64,RB
Jaylen Warren,2025,6,13.78,RB
Quinshon Judkins,2025,6,13.5,RB
Travis Etienne,2025,6,13.44,RB
J.K. Dobbins,2025,6,13.02,RB
Kenneth Gainwell,2025,6,12.77,RB
Derrick Henry,2025,6,12.62,RB
Kenneth Walker III,2025,6,12.53,RB
Tony Pollard,2025,6,12.25,RB
David Montgomery,2025,6,12.17,RB
D'Andre Swift,2025,6,12.13,RB
Chase Brown,2025,6,11.75,RB
Michael Carter,2025,6,11.38,RB
Rachaad White,2025,6,11.29,RB
Jacory Croskey-Merritt,2025,6,11.28,RB
Tyrone Tracy Jr.,2025,6,9.59,RB
Rhamondre Stevenson,2025,6,9.09,RB
Kareem Hunt,2025,6,9.02,RB
Zach Charbonnet,2025,6,8.99,RB
Isiah Pacheco,2025,6,8.93,RB
Justice Hill,2025,6,8.61,RB
TreVeyon Henderson,2025,6,7.89,RB
RJ Harvey,2025,6,7.72,RB
Ameer Abdullah,2025,6,7.64,RB
Tyler Allgeier,2025,6,7.6,RB
Tyjae Spears,2025,6,6.62,RB
Emanuel Wilson,2025,6,6.14,RB
Raheem Mostert,2025,6,6.12,RB
Dylan Sampson,2025,6,5.72,RB
Kendre Miller,2025,6,5.6,RB
Jerome Ford,2025,6,5.04,RB
Devin Singletary,2025,6,4.98,RB
Brashard Smith,2025,6,4.88,RB
Jaleel McLaughlin,2025,6,4.83,RB
Bhayshul Tuten,2025,6,4.59,RB
Emari Demercado,2025,6,4.2,RB
Blake Corum,2025,6,4.19,RB
Isaiah Davis,2025,6,4.07,RB
Samaje Perine,2025,6,4.02,RB
Ty Johnson,2025,6,3.99,RB
Brian Robinson,2025,6,3.95,RB
Jeremy McNichols,2025,6,3.91,RB
AJ Dillon,2025,6,3.89,RB
Keaton Mitchell,2025,6,3.76,RB
Kyle Monangai,2025,6,3.71,RB
Kaleb Johnson,2025,6,3.67,RB
Bam Knight,2025,6,3.62,RB
Chris Brooks,2025,6,3.6,RB
Kimani Vidal,2025,6,3.6,RB
Jaydon Blue,2025,6,3.38,RB
Sean Tucker,2025,6,3.36,RB
Trevor Etienne,2025,6,3.19,RB
Ollie Gordon II,2025,6,3.14,RB
Will Shipley,2025,6,2.9,RB
Ray Davis,2025,6,2.84,RB
Nyheim Hines,2025,6,2.72,RB
Roschon Johnson,2025,6,2.54,RB
George Holani,2025,6,2.53,RB
Julius Chestnut,2025,6,2.32,RB
Hassan Haskins,2025,6,2.23,RB
Adam Prentice,2025,6,2.11,RB
Tank Bigsby,2025,6,2.0,RB
Craig Reynolds,2025,6,1.94,RB
DeeJay Dallas,2025,6,1.92,RB
LeQuint Allen Jr.,2025,6,1.87,RB
Dylan Laube,2025,6,1.8,RB
Andrew Beck,2025,6,1.79,RB
Rasheen Ali,2025,6,1.61,RB
Hunter Luepke,2025,6,1.59,RB
Kene Nwangwu,2025,6,1.0,RB
Trey McBride,2025,6,14.53,TE
Travis Kelce,2025,6,13.08,TE
Tyler Warren,2025,6,11.85,TE
Jake Ferguson,2025,6,11.57,TE
Dallas Goedert,2025,6,10.72,TE
Sam LaPorta,2025,6,10.66,TE
Tucker Kraft,2025,6,10.43,TE
Darren Waller,2025,6,10.35,TE
David Njoku,2025,6,10.05,TE
Mason Taylor,2025,6,9.68,TE
Mark Andrews,2025,6,9.63,TE
Kyle Pitts,2025,6,9.61,TE
Juwan Johnson,2025,6,9.32,TE
Jonnu Smith,2025,6,8.91,TE
Hunter Henry,2025,6,8.82,TE
Noah Fant,2025,6,8.81,TE
Zach Ertz,2025,6,8.78,TE
Evan Engram,2025,6,8.54,TE
Jake Tonges,2025,6,8.47,TE
Cade Otton,2025,6,8.44,TE
Harold Fannin Jr.,2025,6,8.31,TE
Chig Okonkwo,2025,6,8.29,TE
Theo Johnson,2025,6,8.22,TE
Taysom Hill,2025,6,7.98,TE
Pat Freiermuth,2025,6,7.34,TE
AJ Barner,2025,6,7.03,TE
Isaiah Likely,2025,6,6.92,TE
Cole Kmet,2025,6,6.91,TE
Tyler Higbee,2025,6,6.54,TE
Oronde Gadsden II,2025,6,5.61,TE
Tommy Tremble,2025,6,5.48,TE
Foster Moreau,2025,6,5.46,TE
Gunnar Helm,2025,6,5.01,TE
Elijah Arroyo,2025,6,4.87,TE
Devin Culp,2025,6,4.74,TE
Noah Gray,2025,6,4.58,TE
Austin Hooper,2025,6,4.52,TE
Colston Loveland,2025,6,4.36,TE
Stone Smartt,2025,6,4.25,TE
Julian Hill,2025,6,4.24,TE
Darnell Washington,2025,6,4.01,TE
Will Dissly,2025,6,3.95,TE
Dawson Knox,2025,6,3.9,TE
Jeremy Ruckert,2025,6,3.79,TE
Michael Mayer,2025,6,3.47,TE
Mitchell Evans,2025,6,3.42,TE
Tanner Hudson,2025,6,3.4,TE
Charlie Kolar,2025,6,3.19,TE
Mo Alie-Cox,2025,6,3.15,TE
Hunter Long,2025,6,3.14,TE
Luke Schoonmaker,2025,6,3.09,TE
Elijah Higgins,2025,6,3.09,TE
Luke Musgrave,2025,6,3.03,TE
Drew Sample,2025,6,3.02,TE
Davis Allen,2025,6,2.98,TE
Terrance Ferguson,2025,6,2.9,TE
Tanner Conner,2025,6,2.86,TE
Ian Thomas,2025,6,2.77,TE
Luke Farrell,2025,6,2.64,TE
Nate Adkins,2025,6,2.63,TE
Feleipe Franks,2025,6,2.22,TE
Johnny Mundt,2025,6,2.07,TE
Connor Heyward,2025,6,1.64,TE
Brevyn Spann-Ford,2025,6,1.6,TE
Colson Yankoff,2025,6,1.6,TE
Eric Saubert,2025,6,1.57,TE
Blake Whiteheart,2025,6,1.45,TE
Justin Shorter,2025,6,1.42,TE
Cameron Latu,2025,6,1.39,TE
David Martin-Robinson,2025,6,1.21,TE
Brayden Willis,2025,6,0.75,TE
Ja'Marr Chase,2025,6,18.49,WR
Puka Nacua,2025,6,17.81,WR
Amon-Ra St. Brown,2025,6,17.74,WR
Drake London,2025,6,15.46,WR
Garrett Wilson,2025,6,15.18,WR
Jaxon Smith-Njigba,2025,6,15.17,WR
Emeka Egbuka,2025,6,14.7,WR
Deebo Samuel Sr.,2025,6,14.43,WR
Stefon Diggs,2025,6,14.41,WR
Davante Adams,2025,6,14.15,WR
Chris Olave,2025,6,13.83,WR
Zay Flowers,2025,6,13.82,WR
A.J. Brown,2025,6,13.76,WR
George Pickens,2025,6,13.68,WR
Keenan Allen,2025,6,13.6,WR
Jakobi Meyers,2025,6,13.38,WR
Tetairoa McMillan,2025,6,13.17,WR
DK Metcalf,2025,6,13.02,WR
Courtland Sutton,2025,6,12.84,WR
Brian Thomas Jr.,2025,6,12.82,WR
Xavier Worthy,2025,6,12.7,WR
DJ Moore,2025,6,12.68,WR
Ladd McConkey,2025,6,12.44,WR
Jaylen Waddle,2025,6,12.33,WR
Michael Pittman,2025,6,12.32,WR
Rome Odunze,2025,6,12.23,WR
Calvin Ridley,2025,6,12.21,WR
Rashid Shaheed,2025,6,11.91,WR
Marvin Harrison Jr.,2025,6,11.91,WR
DeVonta Smith,2025,6,11.89,WR
Cooper Kupp,2025,6,11.75,WR
Wan'Dale Robinson,2025,6,11.37,WR
Tee Higgins,2025,6,11.32,WR
Romeo Doubs,2025,6,11.13,WR
Marquise Brown,2025,6,11.08,WR
Khalil Shakir,2025,6,11.05,WR
Jauan Jennings,2025,6,10.59,WR
Jerry Jeudy,2025,6,10.56,WR
Jameson Williams,2025,6,9.76,WR
Kendrick Bourne,2025,6,9.73,WR
Tre Tucker,2025,6,9.62,WR
Troy Franklin,2025,6,9.61,WR
Keon Coleman,2025,6,9.52,WR
Alec Pierce,2025,6,9.34,WR
Josh Downs,2025,6,9.24,WR
Matthew Golden,2025,6,8.55,WR
Elic Ayomanor,2025,6,8.41,WR
Travis Hunter,2025,6,8.37,WR
Dontayvion Wicks,2025,6,8.32,WR
Ryan Flournoy,2025,6,8.04,WR
Kayshon Boutte,2025,6,7.89,WR
JuJu Smith-Schuster,2025,6,7.79,WR
Rashod Bateman,2025,6,7.68,WR
Marvin Mims Jr.,2025,6,7.54,WR
Sterling Shepard,2025,6,7.52,WR
Olamide Zaccheaus,2025,6,7.34,WR
Hunter Renfrow,2025,6,7.24,WR
Tory Horton,2025,6,7.11,WR
Xavier Legette,2025,6,7.08,WR
Josh Palmer,2025,6,7.03,WR
Parker Washington,2025,6,6.92,WR
Andrei Iosivas,2025,6,6.92,WR
Dyami Brown,2025,6,6.77,WR
Malik Washington,2025,6,6.45,WR
Demarcus Robinson,2025,6,6.2,WR
DeAndre Hopkins,2025,6,6.13,WR
Isaiah Bond,2025,6,5.93,WR
Jimmy Horn Jr.,2025,6,5.82,WR
DeMario Douglas,2025,6,5.81,WR
Luke McCaffrey,2025,6,5.73,WR
Jalen Tolbert,2025,6,5.62,WR
Michael Wilson,2025,6,5.46,WR
Tyler Johnson,2025,6,5.36,WR
Casey Washington,2025,6,5.15,WR
Luther Burden III,2025,6,5.1,WR
Greg Dortch,2025,6,5.06,WR
Brandin Cooks,2025,6,5.01,WR
Mack Hollins,2025,6,4.92,WR
Chimere Dike,2025,6,4.91,WR
Elijah Moore,2025,6,4.69,WR
Josh Reynolds,2025,6,4.4,WR
Zay Jones,2025,6,4.23,WR
Jaylin Lane,2025,6,4.14,WR
Tez Johnson,2025,6,4.07,WR
Ashton Dulin,2025,6,4.04,WR
Tyler Lockett,2025,6,4.03,WR
Jahan Dotson,2025,6,3.97,WR
Arian Smith,2025,6,3.82,WR
Lil'Jordan Humphrey,2025,6,3.77,WR
Tyrell Shavers,2025,6,3.75,WR
Jordan Whittington,2025,6,3.71,WR
Tylan Wallace,2025,6,3.64,WR
Marquez Valdes-Scantling,2025,6,3.56,WR
Tim Patrick,2025,6,3.54,WR
Jalin Hyatt,2025,6,3.53,WR
Chris Moore,2025,6,3.51,WR
Jack Bech,2025,6,3.51,WR
Savion Williams,2025,6,3.42,WR
KhaDarel Hodge,2025,6,3.31,WR
Kalif Raymond,2025,6,3.23,WR
Nick Westbrook-Ikhine,2025,6,3.21,WR
Van Jefferson,2025,6,3.2,WR
Efton Chism III,2025,6,3.19,WR
Roman Wilson,2025,6,3.17,WR
Ryan Miller,2025,6,3.08,WR
Mason Tipton,2025,6,3.08,WR
Jamari Thrash,2025,6,2.96,WR
Parris Campbell,2025,6,2.92,WR
Tre Harris,2025,6,2.82,WR
Jamal Agnew,2025,6,2.81,WR
Ben Skowronek,2025,6,2.47,WR
Pat Bryant,2025,6,2.45,WR
Dominic Lovett,2025,6,2.39,WR
KeAndre Lambert-Smith,2025,6,2.36,WR
Ke'Shawn Williams,2025,6,2.36,WR
Jason Brownlee,2025,6,2.25,WR
Konata Mumpfield,2025,6,2.08,WR
Gage Larvadain,2025,6,1.97,WR
Alex Bachman,2025,6,1.94,WR
Deven Thompkins,2025,6,1.94,WR
Simi Fehoko,2025,6,1.89,WR
Nikko Remigio,2025,6,1.84,WR
Dareke Young,2025,6,1.83,WR
Dee Eskridge,2025,6,1.82,WR
Kyle Williams,2025,6,1.76,WR
Xavier Smith,2025,6,1.49,WR
Jalen Cropper,2025,6,1.31,WR
LaJohntay Wester,2025,6,1.26,WR
Skyy Moore,2025,6,1.1,WR
Kameron Johnson,2025,6,0.96,WR
Isaiah Williams,2025,6,0.92,WR
Gunner Olszewski,2025,6,0.91,WR
Anthony Gould,2025,6,0.9,WR
Charlie Jones,2025,6,0.73,WR
Devin Duvernay,2025,6,0.66,WR
HOU,2025,7,7.88,DEF
LA,2025,7,7.79,DEF
SEA,2025,7,7.62,DEF
DEN,2025,7,7.19,DEF
PIT,2025,7,7.15,DEF
MIN,2025,7,7.1,DEF
KC,2025,7,7.06,DEF
PHI,2025,7,7.06,DEF
CHI,2025,7,7.02,DEF
MIA,2025,7,7.0,DEF
GB,2025,7,6.89,DEF
JAX,2025,7,6.88,DEF
NE,2025,7,6.69,DEF
NYJ,2025,7,6.67,DEF
DET,2025,7,6.41,DEF
WAS,2025,7,6.34,DEF
CLE,2025,7,6.18,DEF
SF,2025,7,6.17,DEF
ATL,2025,7,6.15,DEF
IND,2025,7,6.14,DEF
NYG,2025,7,5.97,DEF
LAC,2025,7,5.79,DEF
ARI,2025,7,5.7,DEF
CIN,2025,7,5.62,DEF
CAR,2025,7,5.59,DEF
NO,2025,7,5.49,DEF
DAL,2025,7,5.48,DEF
TEN,2025,7,5.41,DEF
LV,2025,7,4.92,DEF
TB,2025,7,4.84,DEF
Jake Bates,2025,7,9.25,K
Ka'imi Fairbairn,2025,7,8.89,K
Wil Lutz,2025,7,8.83,K
Cameron Dicker,2025,7,8.72,K
Brandon Aubrey,2025,7,8.65,K
Chase McLaughlin,2025,7,8.51,K
Chris Boswell,2025,7,8.38,K
Will Reichard,2025,7,8.33,K
Jake Elliott,2025,7,8.29,K
Matt Gay,2025,7,8.21,K
Harrison Butker,2025,7,8.2,K
Mike Badgley,2025,7,8.12,K
Evan McPherson,2025,7,8.12,K
Riley Patterson,2025,7,8.07,K
Jason Myers,2025,7,8.06,K
Chad Ryland,2025,7,8.03,K
Joshua Karty,2025,7,8.0,K
Jake Moody,2025,7,7.99,K
Lucas Havrisik,2025,7,7.97,K
Nick Folk,2025,7,7.92,K
John Parker Romo,2025,7,7.91,K
Andy Borregales,2025,7,7.91,K
Ryan Fitzgerald,2025,7,7.79,K
Daniel Carlson,2025,7,7.7,K
Blake Grupe,2025,7,7.7,K
Jude McAtamney,2025,7,7.61,K
Cam Little,2025,7,7.51,K
Eddy Pineiro,2025,7,7.45,K
Joey Slye,2025,7,7.34,K
Andre Szmyt,2025,7,6.9,K
Patrick Mahomes,2025,7,21.19,QB
Jayden Daniels,2025,7,20.7,QB
Dak Prescott,2025,7,20.35,QB
Jalen Hurts,2025,7,19.98,QB
Jared Goff,2025,7,19.03,QB
Baker Mayfield,2025,7,18.93,QB
Bo Nix,2025,7,18.03,QB
Justin Herbert,2025,7,17.85,QB
Drake Maye,2025,7,17.08,QB
Caleb Williams,2025,7,16.99,QB
Justin Fields,2025,7,16.74,QB
Jordan Love,2025,7,16.16,QB
Matthew Stafford,2025,7,15.85,QB
Daniel Jones,2025,7,15.76,QB
Sam Darnold,2025,7,15.72,QB
Aaron Rodgers,2025,7,15.62,QB
Tua Tagovailoa,2025,7,15.23,QB
Carson Wentz,2025,7,15.08,QB
C.J. Stroud,2025,7,14.96,QB
Jaxson Dart,2025,7,14.32,QB
Mac Jones,2025,7,14.27,QB
Trevor Lawrence,2025,7,14.18,QB
Geno Smith,2025,7,13.54,QB
Marcus Mariota,2025,7,13.18,QB
Spencer Rattler,2025,7,13.18,QB
Joe Flacco,2025,7,13.04,QB
Tyrod Taylor,2025,7,12.81,QB
Cam Ward,2025,7,12.21,QB
Michael Penix Jr.,2025,7,12.18,QB
Bryce Young,2025,7,12.04,QB
Jacoby Brissett,2025,7,10.81,QB
Dillon Gabriel,2025,7,10.33,QB
Jimmy Garoppolo,2025,7,10.22,QB
Andy Dalton,2025,7,8.59,QB
Gardner Minshew,2025,7,4.93,QB
Teddy Bridgewater,2025,7,4.83,QB
Joshua Dobbs,2025,7,3.88,QB
Quinn Ewers,2025,7,3.03,QB
Kenny Pickett,2025,7,2.49,QB
Bijan Robinson,2025,7,21.78,RB
Christian McCaffrey,2025,7,20.13,RB
De'Von Achane,2025,7,18.3,RB
Josh Jacobs,2025,7,18.13,RB
Jonathan Taylor,2025,7,17.59,RB
Jahmyr Gibbs,2025,7,17.54,RB
Rico Dowdle,2025,7,16.12,RB
D'Andre Swift,2025,7,15.72,RB
Cam Skattebo,2025,7,15.45,RB
Breece Hall,2025,7,15.26,RB
Kyren Williams,2025,7,14.95,RB
Saquon Barkley,2025,7,14.79,RB
Ashton Jeanty,2025,7,14.74,RB
Javonte Williams,2025,7,14.72,RB
Alvin Kamara,2025,7,14.44,RB
Chuba Hubbard,2025,7,14.35,RB
J.K. Dobbins,2025,7,13.91,RB
Travis Etienne,2025,7,13.53,RB
Quinshon Judkins,2025,7,13.27,RB
Rachaad White,2025,7,12.52,RB
Jaylen Warren,2025,7,12.29,RB
Kenneth Walker III,2025,7,12.28,RB
Chase Brown,2025,7,11.7,RB
Jordan Mason,2025,7,11.31,RB
Jacory Croskey-Merritt,2025,7,11.28,RB
Kenneth Gainwell,2025,7,11.19,RB
Tony Pollard,2025,7,11.0,RB
David Montgomery,2025,7,10.82,RB
Michael Carter,2025,7,10.0,RB
Kimani Vidal,2025,7,9.9,RB
Isiah Pacheco,2025,7,9.5,RB
Zach Charbonnet,2025,7,9.28,RB
Nick Chubb,2025,7,9.21,RB
Rhamondre Stevenson,2025,7,9.01,RB
Kareem Hunt,2025,7,8.43,RB
Woody Marks,2025,7,8.37,RB
Tyjae Spears,2025,7,8.35,RB
Zavier Scott,2025,7,8.25,RB
RJ Harvey,2025,7,7.91,RB
TreVeyon Henderson,2025,7,7.41,RB
Tyler Allgeier,2025,7,6.87,RB
Bam Knight,2025,7,6.36,RB
Ameer Abdullah,2025,7,6.03,RB
Samaje Perine,2025,7,5.9,RB
Kendre Miller,2025,7,5.54,RB
Tyrone Tracy Jr.,2025,7,5.5,RB
Brashard Smith,2025,7,5.48,RB
Chris Rodriguez Jr.,2025,7,5.3,RB
Jerome Ford,2025,7,5.29,RB
Bhayshul Tuten,2025,7,5.0,RB
Jeremy McNichols,2025,7,4.99,RB
Dylan Sampson,2025,7,4.85,RB
Kyle Monangai,2025,7,4.8,RB
Brian Robinson,2025,7,4.74,RB
Raheem Mostert,2025,7,4.56,RB
Blake Corum,2025,7,4.44,RB
Isaiah Davis,2025,7,4.22,RB
Emanuel Wilson,2025,7,4.1,RB
Terrell Jennings,2025,7,4.02,RB
Sean Tucker,2025,7,3.84,RB
Devin Singletary,2025,7,3.74,RB
Hassan Haskins,2025,7,3.73,RB
D'Ernest Johnson,2025,7,3.66,RB
Tahj Brooks,2025,7,3.5,RB
Roschon Johnson,2025,7,3.47,RB
Tyler Badie,2025,7,3.39,RB
Trevor Etienne,2025,7,2.96,RB
Malik Davis,2025,7,2.95,RB
Chris Brooks,2025,7,2.9,RB
Ollie Gordon II,2025,7,2.74,RB
Devin Neal,2025,7,2.63,RB
Hunter Luepke,2025,7,2.58,RB
Jaydon Blue,2025,7,2.33,RB
Tank Bigsby,2025,7,2.31,RB
Nyheim Hines,2025,7,2.24,RB
Adam Prentice,2025,7,2.18,RB
Travis Homer,2025,7,2.06,RB
LeQuint Allen Jr.,2025,7,1.83,RB
Jacob Saylors,2025,7,1.78,RB
Julius Chestnut,2025,7,1.73,RB
Dylan Laube,2025,7,1.68,RB
George Holani,2025,7,1.64,RB
Andrew Beck,2025,7,1.53,RB
Isaac Guerendo,2025,7,1.53,RB
Dare Ogunbowale,2025,7,1.46,RB
Will Shipley,2025,7,1.35,RB
Kene Nwangwu,2025,7,0.55,RB
Trey McBride,2025,7,13.64,TE
Travis Kelce,2025,7,13.32,TE
Tyler Warren,2025,7,12.87,TE
Jake Ferguson,2025,7,12.33,TE
George Kittle,2025,7,11.89,TE
Sam LaPorta,2025,7,11.12,TE
Darren Waller,2025,7,10.65,TE
Dallas Goedert,2025,7,10.26,TE
Zach Ertz,2025,7,10.04,TE
Harold Fannin Jr.,2025,7,9.86,TE
Evan Engram,2025,7,9.72,TE
Hunter Henry,2025,7,9.66,TE
Kyle Pitts,2025,7,9.59,TE
T.J. Hockenson,2025,7,9.39,TE
Tucker Kraft,2025,7,9.19,TE
Dalton Schultz,2025,7,9.03,TE
Juwan Johnson,2025,7,9.0,TE
Jonnu Smith,2025,7,8.89,TE
Mason Taylor,2025,7,8.6,TE
Noah Fant,2025,7,8.34,TE
Cade Otton,2025,7,8.22,TE
Chig Okonkwo,2025,7,8.21,TE
Oronde Gadsden II,2025,7,8.02,TE
Theo Johnson,2025,7,7.65,TE
AJ Barner,2025,7,7.51,TE
Michael Mayer,2025,7,7.33,TE
Tyler Higbee,2025,7,7.29,TE
Ja'Tavion Sanders,2025,7,7.06,TE
Taysom Hill,2025,7,6.24,TE
Pat Freiermuth,2025,7,6.16,TE
Cole Kmet,2025,7,6.06,TE
Tommy Tremble,2025,7,6.04,TE
Gunnar Helm,2025,7,4.98,TE
Darnell Washington,2025,7,4.9,TE
Noah Gray,2025,7,4.53,TE
Elijah Arroyo,2025,7,4.39,TE
Colston Loveland,2025,7,4.25,TE
Josh Oliver,2025,7,4.15,TE
Will Dissly,2025,7,3.97,TE
Austin Hooper,2025,7,3.93,TE
Julian Hill,2025,7,3.83,TE
Brock Wright,2025,7,3.82,TE
Daniel Bellinger,2025,7,3.73,TE
Mitchell Evans,2025,7,3.63,TE
Harrison Bryant,2025,7,3.4,TE
Carter Runyon,2025,7,3.31,TE
Nate Adkins,2025,7,3.17,TE
Hunter Long,2025,7,3.13,TE
Drew Sample,2025,7,3.04,TE
Jeremy Ruckert,2025,7,2.96,TE
Elijah Higgins,2025,7,2.95,TE
Colby Parkinson,2025,7,2.91,TE
Tanner Conner,2025,7,2.89,TE
Mo Alie-Cox,2025,7,2.82,TE
Davis Allen,2025,7,2.61,TE
John Bates,2025,7,2.45,TE
Charlie Woerner,2025,7,2.44,TE
Jack Stoll,2025,7,2.32,TE
Thomas Fidone II,2025,7,2.31,TE
Terrance Ferguson,2025,7,2.29,TE
Andrew Ogletree,2025,7,2.15,TE
Luke Farrell,2025,7,2.11,TE
John FitzPatrick,2025,7,2.07,TE
Johnny Mundt,2025,7,2.04,TE
Blake Whiteheart,2025,7,1.63,TE
E.J. Jenkins,2025,7,1.61,TE
Connor Heyward,2025,7,1.55,TE
Brevyn Spann-Ford,2025,7,1.4,TE
Cameron Latu,2025,7,1.09,TE
Colson Yankoff,2025,7,0.58,TE
Amon-Ra St. Brown,2025,7,19.21,WR
Ja'Marr Chase,2025,7,19.09,WR
CeeDee Lamb,2025,7,18.32,WR
Justin Jefferson,2025,7,17.97,WR
Drake London,2025,7,16.58,WR
Rashee Rice,2025,7,15.16,WR
Jaxon Smith-Njigba,2025,7,14.89,WR
Mike Evans,2025,7,14.85,WR
Brian Thomas Jr.,2025,7,14.77,WR
Stefon Diggs,2025,7,14.65,WR
Davante Adams,2025,7,14.48,WR
George Pickens,2025,7,14.48,WR
A.J. Brown,2025,7,14.35,WR
Quentin Johnston,2025,7,14.21,WR
DK Metcalf,2025,7,13.83,WR
Emeka Egbuka,2025,7,13.68,WR
Chris Olave,2025,7,13.61,WR
Jaylen Waddle,2025,7,13.44,WR
Nico Collins,2025,7,13.28,WR
Keenan Allen,2025,7,13.23,WR
Courtland Sutton,2025,7,13.0,WR
Rome Odunze,2025,7,12.71,WR
Ladd McConkey,2025,7,12.51,WR
Cooper Kupp,2025,7,12.45,WR
Jordan Addison,2025,7,12.45,WR
DeVonta Smith,2025,7,12.31,WR
Tetairoa McMillan,2025,7,12.16,WR
Xavier Worthy,2025,7,12.15,WR
Tee Higgins,2025,7,12.03,WR
Jerry Jeudy,2025,7,11.85,WR
Romeo Doubs,2025,7,11.78,WR
Wan'Dale Robinson,2025,7,11.7,WR
Michael Pittman,2025,7,11.61,WR
Rashid Shaheed,2025,7,11.45,WR
DJ Moore,2025,7,11.25,WR
Marvin Harrison Jr.,2025,7,11.21,WR
Tre Tucker,2025,7,11.06,WR
Kendrick Bourne,2025,7,10.89,WR
Marquise Brown,2025,7,10.43,WR
Matthew Golden,2025,7,10.21,WR
Jameson Williams,2025,7,10.09,WR
Kayshon Boutte,2025,7,9.83,WR
Jauan Jennings,2025,7,9.04,WR
Alec Pierce,2025,7,8.97,WR
Darnell Mooney,2025,7,8.89,WR
Troy Franklin,2025,7,8.8,WR
Tyquan Thornton,2025,7,8.76,WR
Marvin Mims Jr.,2025,7,8.32,WR
Elic Ayomanor,2025,7,8.1,WR
Sterling Shepard,2025,7,8.01,WR
Travis Hunter,2025,7,7.93,WR
Ryan Flournoy,2025,7,7.91,WR
JuJu Smith-Schuster,2025,7,7.66,WR
Jalen Nailor,2025,7,7.65,WR
Olamide Zaccheaus,2025,7,7.58,WR
Lil'Jordan Humphrey,2025,7,7.51,WR
Zay Jones,2025,7,7.28,WR
KaVontae Turpin,2025,7,7.14,WR
Luther Burden III,2025,7,7.1,WR
Dyami Brown,2025,7,7.02,WR
Jalen Coker,2025,7,6.95,WR
Parker Washington,2025,7,6.88,WR
DeMario Douglas,2025,7,6.65,WR
Demarcus Robinson,2025,7,6.43,WR
Michael Wilson,2025,7,6.34,WR
Van Jefferson,2025,7,6.28,WR
Dontayvion Wicks,2025,7,6.16,WR
Jimmy Horn Jr.,2025,7,6.13,WR
Chris Moore,2025,7,6.08,WR
Andrei Iosivas,2025,7,5.93,WR
Malik Washington,2025,7,5.92,WR
Tez Johnson,2025,7,5.66,WR
Josh Reynolds,2025,7,5.61,WR
Greg Dortch,2025,7,5.61,WR
Chimere Dike,2025,7,5.61,WR
Adam Thielen,2025,7,5.6,WR
Jayden Higgins,2025,7,5.6,WR
Luke McCaffrey,2025,7,5.58,WR
Xavier Hutchinson,2025,7,5.52,WR
Allen Lazard,2025,7,5.51,WR
Jalin Hyatt,2025,7,5.49,WR
Xavier Legette,2025,7,5.46,WR
Tory Horton,2025,7,5.37,WR
Jalen Tolbert,2025,7,5.18,WR
Mack Hollins,2025,7,5.12,WR
Tyler Lockett,2025,7,4.78,WR
Brandin Cooks,2025,7,4.58,WR
Jordan Whittington,2025,7,4.58,WR
Adonai Mitchell,2025,7,4.55,WR
Jaylin Lane,2025,7,4.48,WR
Xavier Weaver,2025,7,4.3,WR
Tre Harris,2025,7,4.24,WR
Tyler Johnson,2025,7,3.97,WR
Kameron Johnson,2025,7,3.95,WR
Robbie Chosen,2025,7,3.93,WR
Gage Larvadain,2025,7,3.87,WR
Casey Washington,2025,7,3.86,WR
Dont'e Thornton Jr.,2025,7,3.82,WR
Jaylin Noel,2025,7,3.79,WR
Brycen Tremayne,2025,7,3.77,WR
Pat Bryant,2025,7,3.74,WR
Tim Patrick,2025,7,3.64,WR
Jamari Thrash,2025,7,3.52,WR
Beaux Collins,2025,7,3.45,WR
Isaac TeSlaa,2025,7,3.38,WR
Jack Bech,2025,7,3.18,WR
Malik Heath,2025,7,3.16,WR
Kalif Raymond,2025,7,3.08,WR
Mason Tipton,2025,7,3.08,WR
Laquon Treadwell,2025,7,3.07,WR
Savion Williams,2025,7,3.0,WR
Konata Mumpfield,2025,7,2.99,WR
Nick Westbrook-Ikhine,2025,7,2.85,WR
Arian Smith,2025,7,2.83,WR
Scott Miller,2025,7,2.75,WR
Roman Wilson,2025,7,2.44,WR
Malik Turner,2025,7,2.22,WR
Malachi Corley,2025,7,2.15,WR
Jake Bobo,2025,7,2.13,WR
KhaDarel Hodge,2025,7,2.07,WR
Kyle Williams,2025,7,2.0,WR
Ryan Miller,2025,7,1.9,WR
Ke'Shawn Williams,2025,7,1.74,WR
Dareke Young,2025,7,1.73,WR
Jamal Agnew,2025,7,1.66,WR
Dee Eskridge,2025,7,1.62,WR
Ben Skowronek,2025,7,1.59,WR
Simi Fehoko,2025,7,1.57,WR
Derius Davis,2025,7,1.43,WR
Efton Chism III,2025,7,1.41,WR
Nikko Remigio,2025,7,1.35,WR
Tai Felton,2025,7,1.31,WR
Mason Kinsey,2025,7,1.17,WR
Alex Bachman,2025,7,1.13,WR
Myles Price,2025,7,1.11,WR
Braxton Berrios,2025,7,1.09,WR
Skyy Moore,2025,7,1.09,WR
Xavier Gipson,2025,7,1.03,WR
Anthony Gould,2025,7,0.93,WR
Isaiah Williams,2025,7,0.84,WR
Charlie Jones,2025,7,0.78,WR
Xavier Smith,2025,7,0.7,WR
Devin Duvernay,2025,7,0.55,WR
Gunner Olszewski,2025,7,0.48,WR
HOU,2025,8,8.29,DEF
IND,2025,8,7.86,DEF
NE,2025,8,7.6,DEF
PHI,2025,8,7.35,DEF
BUF,2025,8,7.24,DEF
CHI,2025,8,6.95,DEF
GB,2025,8,6.85,DEF
CLE,2025,8,6.82,DEF
KC,2025,8,6.56,DEF
CAR,2025,8,6.54,DEF
BAL,2025,8,6.52,DEF
MIN,2025,8,6.51,DEF
SF,2025,8,6.5,DEF
NYJ,2025,8,6.42,DEF
CIN,2025,8,6.41,DEF
DEN,2025,8,6.4,DEF
LAC,2025,8,6.33,DEF
WAS,2025,8,6.26,DEF
PIT,2025,8,6.23,DEF
ATL,2025,8,6.02,DEF
DAL,2025,8,5.81,DEF
NO,2025,8,5.56,DEF
MIA,2025,8,5.42,DEF
TB,2025,8,5.32,DEF
NYG,2025,8,5.15,DEF
TEN,2025,8,4.41,DEF
Wil Lutz,2025,8,8.93,K
Jake Elliott,2025,8,8.84,K
Mike Badgley,2025,8,8.67,K
Tyler Loop,2025,8,8.64,K
Ka'imi Fairbairn,2025,8,8.59,K
Brandon Aubrey,2025,8,8.55,K
Evan McPherson,2025,8,8.5,K
Chase McLaughlin,2025,8,8.37,K
Chris Boswell,2025,8,8.34,K
Cameron Dicker,2025,8,8.34,K
Andy Borregales,2025,8,8.31,K
Brandon McManus,2025,8,8.3,K
John Parker Romo,2025,8,8.29,K
Harrison Butker,2025,8,8.26,K
Graham Gano,2025,8,8.24,K
Nick Folk,2025,8,8.17,K
Eddy Pineiro,2025,8,8.03,K
Ryan Fitzgerald,2025,8,7.97,K
Matt Prater,2025,8,7.94,K
Will Reichard,2025,8,7.88,K
Blake Grupe,2025,8,7.82,K
Joey Slye,2025,8,7.79,K
Riley Patterson,2025,8,7.77,K
Cairo Santos,2025,8,7.69,K
Matthew Wright,2025,8,7.44,K
Andre Szmyt,2025,8,6.8,K
Patrick Mahomes,2025,8,21.88,QB
Josh Allen,2025,8,20.7,QB
Dak Prescott,2025,8,19.71,QB
Jalen Hurts,2025,8,19.58,QB
Bo Nix,2025,8,19.24,QB
Baker Mayfield,2025,8,18.34,QB
Justin Herbert,2025,8,17.86,QB
Aaron Rodgers,2025,8,17.74,QB
Drake Maye,2025,8,17.34,QB
Daniel Jones,2025,8,17.07,QB
Jordan Love,2025,8,15.42,QB
C.J. Stroud,2025,8,15.09,QB
Jaxson Dart,2025,8,15.06,QB
Carson Wentz,2025,8,14.57,QB
Joe Flacco,2025,8,14.3,QB
Caleb Williams,2025,8,14.14,QB
Spencer Rattler,2025,8,13.89,QB
Tua Tagovailoa,2025,8,13.31,QB
Justin Fields,2025,8,13.14,QB
Tyler Huntley,2025,8,12.87,QB
Marcus Mariota,2025,8,12.44,QB
Mac Jones,2025,8,12.2,QB
Cam Ward,2025,8,11.33,QB
Tanner McKee,2025,8,10.91,QB
Kirk Cousins,2025,8,9.79,QB
Dillon Gabriel,2025,8,9.04,QB
Andy Dalton,2025,8,8.59,QB
Joe Milton III,2025,8,7.05,QB
Zach Wilson,2025,8,5.93,QB
Mitchell Trubisky,2025,8,4.06,QB
Tyler Shough,2025,8,3.68,QB
Jarrett Stidham,2025,8,3.66,QB
Max Brosmer,2025,8,2.97,QB
Riley Leonard,2025,8,2.43,QB
Bijan Robinson,2025,8,21.83,RB
Christian McCaffrey,2025,8,20.64,RB
Jonathan Taylor,2025,8,20.12,RB
Josh Jacobs,2025,8,17.48,RB
De'Von Achane,2025,8,17.07,RB
D'Andre Swift,2025,8,16.49,RB
Jaylen Warren,2025,8,16.0,RB
Saquon Barkley,2025,8,15.95,RB
Cam Skattebo,2025,8,15.2,RB
James Cook,2025,8,15.09,RB
Rico Dowdle,2025,8,15.05,RB
Alvin Kamara,2025,8,14.82,RB
Javonte Williams,2025,8,14.36,RB
Chuba Hubbard,2025,8,14.34,RB
Breece Hall,2025,8,14.22,RB
Derrick Henry,2025,8,13.92,RB
J.K. Dobbins,2025,8,13.73,RB
Quinshon Judkins,2025,8,13.61,RB
Chase Brown,2025,8,12.95,RB
Rachaad White,2025,8,11.71,RB
Rhamondre Stevenson,2025,8,11.57,RB
Tony Pollard,2025,8,11.36,RB
Jordan Mason,2025,8,10.86,RB
Isiah Pacheco,2025,8,10.76,RB
Jacory Croskey-Merritt,2025,8,10.01,RB
Kimani Vidal,2025,8,9.92,RB
Woody Marks,2025,8,9.5,RB
Aaron Jones,2025,8,9.37,RB
Brashard Smith,2025,8,9.23,RB
Justice Hill,2025,8,9.08,RB
Kenneth Gainwell,2025,8,8.58,RB
Nick Chubb,2025,8,8.09,RB
Tyjae Spears,2025,8,7.85,RB
Kyle Monangai,2025,8,7.7,RB
RJ Harvey,2025,8,7.09,RB
Kareem Hunt,2025,8,6.59,RB
Tyrone Tracy Jr.,2025,8,6.42,RB
Tyler Allgeier,2025,8,6.41,RB
Ameer Abdullah,2025,8,6.16,RB
TreVeyon Henderson,2025,8,6.14,RB
Zavier Scott,2025,8,5.82,RB
Samaje Perine,2025,8,5.32,RB
Jeremy McNichols,2025,8,5.14,RB
Jerome Ford,2025,8,5.06,RB
Jaret Patterson,2025,8,4.96,RB
Nate Carter,2025,8,4.96,RB
Emanuel Wilson,2025,8,4.63,RB
Isaiah Davis,2025,8,4.5,RB
Dameon Pierce,2025,8,4.49,RB
Brian Robinson,2025,8,4.42,RB
Chris Rodriguez Jr.,2025,8,4.38,RB
Terrell Jennings,2025,8,4.23,RB
Dylan Sampson,2025,8,4.19,RB
Jaydon Blue,2025,8,4.17,RB
Ollie Gordon II,2025,8,3.66,RB
Devin Singletary,2025,8,3.57,RB
Ty Johnson,2025,8,3.49,RB
Jaylen Wright,2025,8,3.45,RB
Tyler Badie,2025,8,3.38,RB
British Brooks,2025,8,3.23,RB
Sean Tucker,2025,8,3.17,RB
Ray Davis,2025,8,3.17,RB
Keaton Mitchell,2025,8,2.87,RB
Tank Bigsby,2025,8,2.78,RB
Trevor Etienne,2025,8,2.51,RB
Tyler Goodson,2025,8,2.44,RB
Malik Davis,2025,8,2.21,RB
Nyheim Hines,2025,8,2.17,RB
Chris Brooks,2025,8,2.06,RB
Devin Neal,2025,8,2.05,RB
Hunter Luepke,2025,8,2.02,RB
Will Shipley,2025,8,2.0,RB
Tahj Brooks,2025,8,1.87,RB
Travis Homer,2025,8,1.69,RB
Julius Chestnut,2025,8,1.66,RB
Dare Ogunbowale,2025,8,1.38,RB
Andrew Beck,2025,8,1.19,RB
Josh Williams,2025,8,1.05,RB
Rasheen Ali,2025,8,0.61,RB
Travis Kelce,2025,8,12.6,TE
Jake Ferguson,2025,8,12.29,TE
Tyler Warren,2025,8,12.21,TE
Oronde Gadsden II,2025,8,12.07,TE
David Njoku,2025,8,10.6,TE
George Kittle,2025,8,10.53,TE
Mark Andrews,2025,8,10.53,TE
Dalton Schultz,2025,8,10.44,TE
Tucker Kraft,2025,8,10.36,TE
Dallas Goedert,2025,8,10.34,TE
Hunter Henry,2025,8,9.97,TE
T.J. Hockenson,2025,8,9.89,TE
Evan Engram,2025,8,9.85,TE
Kyle Pitts,2025,8,9.84,TE
Dalton Kincaid,2025,8,9.64,TE
Harold Fannin Jr.,2025,8,9.53,TE
Zach Ertz,2025,8,9.41,TE
Cade Otton,2025,8,9.36,TE
Jake Tonges,2025,8,9.23,TE
Juwan Johnson,2025,8,9.11,TE
Jonnu Smith,2025,8,8.95,TE
Pat Freiermuth,2025,8,8.79,TE
Mason Taylor,2025,8,8.51,TE
Theo Johnson,2025,8,8.28,TE
Noah Fant,2025,8,8.19,TE
Chig Okonkwo,2025,8,8.03,TE
Isaiah Likely,2025,8,6.35,TE
Gunnar Helm,2025,8,6.04,TE
Ja'Tavion Sanders,2025,8,5.8,TE
Taysom Hill,2025,8,5.76,TE
Daniel Bellinger,2025,8,5.57,TE
Tommy Tremble,2025,8,5.08,TE
Foster Moreau,2025,8,4.89,TE
Tanner Hudson,2025,8,4.87,TE
Austin Hooper,2025,8,4.42,TE
Noah Gray,2025,8,4.36,TE
Colston Loveland,2025,8,4.25,TE
Dawson Knox,2025,8,4.03,TE
Nate Adkins,2025,8,3.54,TE
Luke Musgrave,2025,8,3.51,TE
Luke Schoonmaker,2025,8,3.34,TE
Tanner Conner,2025,8,3.21,TE
Harrison Bryant,2025,8,3.12,TE
Charlie Kolar,2025,8,2.96,TE
Adam Trautman,2025,8,2.8,TE
Jeremy Ruckert,2025,8,2.79,TE
Jack Stoll,2025,8,2.59,TE
Jackson Hawes,2025,8,2.36,TE
Luke Farrell,2025,8,2.35,TE
Andrew Ogletree,2025,8,2.14,TE
John Bates,2025,8,2.13,TE
Connor Heyward,2025,8,2.04,TE
John FitzPatrick,2025,8,1.99,TE
David Martin-Robinson,2025,8,1.78,TE
Ben Sinnott,2025,8,1.64,TE
Brevyn Spann-Ford,2025,8,1.63,TE
Hayden Rucci,2025,8,1.55,TE
Feleipe Franks,2025,8,1.21,TE
Ben Yurosek,2025,8,1.07,TE
Cameron Latu,2025,8,1.0,TE
Ja'Marr Chase,2025,8,19.5,WR
CeeDee Lamb,2025,8,17.83,WR
Justin Jefferson,2025,8,17.32,WR
Rashee Rice,2025,8,16.86,WR
Stefon Diggs,2025,8,15.39,WR
Keenan Allen,2025,8,15.08,WR
Emeka Egbuka,2025,8,15.01,WR
Jordan Addison,2025,8,14.95,WR
DeVonta Smith,2025,8,14.83,WR
Chris Olave,2025,8,14.7,WR
Ladd McConkey,2025,8,14.65,WR
Courtland Sutton,2025,8,14.05,WR
George Pickens,2025,8,13.99,WR
Zay Flowers,2025,8,13.83,WR
DK Metcalf,2025,8,13.09,WR
Wan'Dale Robinson,2025,8,12.95,WR
Deebo Samuel Sr.,2025,8,12.66,WR
Michael Pittman,2025,8,12.6,WR
Terry McLaurin,2025,8,12.32,WR
Tee Higgins,2025,8,12.32,WR
Tetairoa McMillan,2025,8,11.99,WR
Rome Odunze,2025,8,11.79,WR
Rashid Shaheed,2025,8,11.66,WR
Romeo Doubs,2025,8,11.54,WR
Jaylen Waddle,2025,8,11.48,WR
Khalil Shakir,2025,8,11.27,WR
Xavier Worthy,2025,8,11.13,WR
Josh Downs,2025,8,11.02,WR
Alec Pierce,2025,8,10.77,WR
DJ Moore,2025,8,10.75,WR
Jerry Jeudy,2025,8,10.54,WR
Kendrick Bourne,2025,8,10.3,WR
Marquise Brown,2025,8,10.25,WR
Xavier Legette,2025,8,9.91,WR
Kayshon Boutte,2025,8,9.7,WR
Matthew Golden,2025,8,9.68,WR
Darnell Mooney,2025,8,9.25,WR
Troy Franklin,2025,8,9.16,WR
Keon Coleman,2025,8,9.04,WR
Jauan Jennings,2025,8,8.81,WR
Calvin Austin III,2025,8,8.74,WR
Marvin Mims Jr.,2025,8,8.72,WR
Elic Ayomanor,2025,8,8.17,WR
JuJu Smith-Schuster,2025,8,7.7,WR
Tez Johnson,2025,8,7.5,WR
Malik Washington,2025,8,7.36,WR
Darius Slayton,2025,8,7.27,WR
Sterling Shepard,2025,8,7.13,WR
Jalen Nailor,2025,8,6.76,WR
Olamide Zaccheaus,2025,8,6.52,WR
Jared Wayne,2025,8,6.32,WR
Isaiah Bond,2025,8,6.3,WR
Christian Watson,2025,8,6.26,WR
Andrei Iosivas,2025,8,6.22,WR
Jaylin Noel,2025,8,6.22,WR
DeMario Douglas,2025,8,6.2,WR
Chimere Dike,2025,8,6.18,WR
Van Jefferson,2025,8,6.17,WR
KaVontae Turpin,2025,8,6.16,WR
DeAndre Hopkins,2025,8,6.13,WR
Jalen Coker,2025,8,6.08,WR
Luther Burden III,2025,8,6.03,WR
Mack Hollins,2025,8,5.76,WR
Jaylin Lane,2025,8,5.74,WR
Ryan Flournoy,2025,8,5.57,WR
Allen Lazard,2025,8,5.51,WR
Rashod Bateman,2025,8,5.51,WR
Xavier Hutchinson,2025,8,5.35,WR
Curtis Samuel,2025,8,5.3,WR
Devaughn Vele,2025,8,5.27,WR
Demarcus Robinson,2025,8,5.13,WR
Tyler Johnson,2025,8,5.04,WR
Jimmy Horn Jr.,2025,8,4.76,WR
Adam Thielen,2025,8,4.64,WR
Luke McCaffrey,2025,8,4.42,WR
Adonai Mitchell,2025,8,4.42,WR
Jalen Tolbert,2025,8,4.22,WR
Casey Washington,2025,8,4.15,WR
Elijah Moore,2025,8,4.13,WR
Brandin Cooks,2025,8,4.11,WR
Jahan Dotson,2025,8,4.1,WR
Jayden Higgins,2025,8,4.02,WR
Roman Wilson,2025,8,3.97,WR
Cedrick Wilson Jr.,2025,8,3.78,WR
Nick Westbrook-Ikhine,2025,8,3.75,WR
Tre Harris,2025,8,3.72,WR
Brycen Tremayne,2025,8,3.7,WR
Malachi Corley,2025,8,3.65,WR
Braxton Berrios,2025,8,3.61,WR
Jamari Thrash,2025,8,3.61,WR
Pat Bryant,2025,8,3.6,WR
Arian Smith,2025,8,3.59,WR
David Sills,2025,8,3.33,WR
Ashton Dulin,2025,8,3.2,WR
Mason Tipton,2025,8,3.12,WR
Kameron Johnson,2025,8,2.82,WR
Beaux Collins,2025,8,2.62,WR
Gage Larvadain,2025,8,2.35,WR
Savion Williams,2025,8,2.33,WR
Dee Eskridge,2025,8,2.22,WR
Jordan Watkins,2025,8,2.16,WR
KhaDarel Hodge,2025,8,2.05,WR
Tylan Wallace,2025,8,2.05,WR
Malik Heath,2025,8,1.73,WR
Derius Davis,2025,8,1.72,WR
Jahdae Walker,2025,8,1.64,WR
Anthony Gould,2025,8,1.55,WR
Skyy Moore,2025,8,1.44,WR
Jamal Agnew,2025,8,1.38,WR
Ben Skowronek,2025,8,1.26,WR
Ke'Shawn Williams,2025,8,1.23,WR
Isaiah Williams,2025,8,1.21,WR
Nikko Remigio,2025,8,1.02,WR
Xavier Gipson,2025,8,0.91,WR
Devin Duvernay,2025,8,0.69,WR
Myles Price,2025,8,0.52,WR
Charlie Jones,2025,8,0.5,WR
Gunner Olszewski,2025,8,0.4,WR
LAC,2025,9,8.22,DEF
DEN,2025,9,8.1,DEF
HOU,2025,9,7.95,DEF
SEA,2025,9,7.62,DEF
GB,2025,9,7.59,DEF
DET,2025,9,7.41,DEF
LA,2025,9,7.38,DEF
NE,2025,9,7.18,DEF
IND,2025,9,6.47,DEF
CHI,2025,9,6.45,DEF
WAS,2025,9,6.33,DEF
JAX,2025,9,6.32,DEF
PIT,2025,9,6.03,DEF
BAL,2025,9,5.9,DEF
KC,2025,9,5.78,DEF
DAL,2025,9,5.74,DEF
NYG,2025,9,5.68,DEF
MIN,2025,9,5.66,DEF
BUF,2025,9,5.64,DEF
SF,2025,9,5.64,DEF
LV,2025,9,5.54,DEF
CIN,2025,9,5.53,DEF
MIA,2025,9,5.41,DEF
CAR,2025,9,5.31,DEF
ATL,2025,9,5.1,DEF
TEN,2025,9,4.7,DEF
ARI,2025,9,4.63,DEF
NO,2025,9,4.55,DEF
Brandon Aubrey,2025,9,9.41,K
Brandon McManus,2025,9,8.84,K
Jake Bates,2025,9,8.79,K
Tyler Loop,2025,9,8.56,K
Chris Boswell,2025,9,8.53,K
Joshua Karty,2025,9,8.5,K
Riley Patterson,2025,9,8.44,K
Jason Myers,2025,9,8.39,K
Wil Lutz,2025,9,8.29,K
Mike Badgley,2025,9,8.25,K
Will Reichard,2025,9,8.25,K
Ka'imi Fairbairn,2025,9,8.23,K
Evan McPherson,2025,9,8.23,K
Cameron Dicker,2025,9,8.23,K
Matt Prater,2025,9,8.19,K
Daniel Carlson,2025,9,8.19,K
Harrison Butker,2025,9,8.16,K
Graham Gano,2025,9,8.14,K
Eddy Pineiro,2025,9,8.13,K
Blake Grupe,2025,9,8.12,K
Andy Borregales,2025,9,8.12,K
Matt Gay,2025,9,8.03,K
Cairo Santos,2025,9,7.79,K
John Parker Romo,2025,9,7.59,K
Chad Ryland,2025,9,7.3,K
Cam Little,2025,9,6.99,K
Joey Slye,2025,9,6.95,K
Ryan Fitzgerald,2025,9,6.78,K
Lamar Jackson,2025,9,22.45,QB
Josh Allen,2025,9,21.86,QB
Patrick Mahomes,2025,9,20.17,QB
Jayden Daniels,2025,9,19.67,QB
Dak Prescott,2025,9,19.07,QB
Matthew Stafford,2025,9,19.04,QB
Bo Nix,2025,9,18.96,QB
Jared Goff,2025,9,18.71,QB
Justin Herbert,2025,9,18.28,QB
Drake Maye,2025,9,18.2,QB
Aaron Rodgers,2025,9,18.17,QB
Jordan Love,2025,9,17.76,QB
Tua Tagovailoa,2025,9,16.55,QB
Daniel Jones,2025,9,16.09,QB
Joe Flacco,2025,9,15.89,QB
Sam Darnold,2025,9,15.52,QB
Trevor Lawrence,2025,9,15.34,QB
C.J. Stroud,2025,9,15.28,QB
Jaxson Dart,2025,9,15.18,QB
Caleb Williams,2025,9,14.93,QB
Cam Ward,2025,9,12.81,QB
Mac Jones,2025,9,12.74,QB
Geno Smith,2025,9,12.1,QB
J.J. McCarthy,2025,9,12.02,QB
Bryce Young,2025,9,11.12,QB
Michael Penix Jr.,2025,9,11.0,QB
Jacoby Brissett,2025,9,10.61,QB
Davis Mills,2025,9,5.38,QB
Tyler Shough,2025,9,4.95,QB
Tyson Bagent,2025,9,4.93,QB
Adrian Martinez,2025,9,3.17,QB
Christian McCaffrey,2025,9,20.46,RB
Jahmyr Gibbs,2025,9,19.85,RB
Jonathan Taylor,2025,9,19.61,RB
Bijan Robinson,2025,9,18.8,RB
De'Von Achane,2025,9,18.77,RB
James Cook,2025,9,17.42,RB
Josh Jacobs,2025,9,17.18,RB
Kyren Williams,2025,9,15.71,RB
Javonte Williams,2025,9,14.77,RB
Jaylen Warren,2025,9,14.5,RB
Chase Brown,2025,9,13.75,RB
Ashton Jeanty,2025,9,13.28,RB
Derrick Henry,2025,9,13.21,RB
J.K. Dobbins,2025,9,12.85,RB
Alvin Kamara,2025,9,12.58,RB
Rico Dowdle,2025,9,12.33,RB
Kimani Vidal,2025,9,12.1,RB
Chuba Hubbard,2025,9,12.04,RB
Kenneth Walker III,2025,9,11.91,RB
Travis Etienne,2025,9,11.5,RB
David Montgomery,2025,9,11.44,RB
Tony Pollard,2025,9,10.81,RB
Woody Marks,2025,9,10.68,RB
Tyjae Spears,2025,9,10.01,RB
Nick Chubb,2025,9,9.91,RB
Zach Charbonnet,2025,9,9.08,RB
RJ Harvey,2025,9,8.83,RB
Jacory Croskey-Merritt,2025,9,8.81,RB
Kenneth Gainwell,2025,9,8.6,RB
Aaron Jones,2025,9,8.41,RB
Bam Knight,2025,9,7.93,RB
Samaje Perine,2025,9,7.83,RB
Tyrone Tracy Jr.,2025,9,7.75,RB
Jordan Mason,2025,9,7.73,RB
Ollie Gordon II,2025,9,7.72,RB
Kareem Hunt,2025,9,7.56,RB
Emanuel Wilson,2025,9,7.17,RB
Justice Hill,2025,9,7.13,RB
TreVeyon Henderson,2025,9,6.89,RB
Jeremy McNichols,2025,9,6.86,RB
Kyle Monangai,2025,9,6.33,RB
Tyler Allgeier,2025,9,6.17,RB
Jaret Patterson,2025,9,6.15,RB
Zavier Scott,2025,9,5.68,RB
Brashard Smith,2025,9,5.46,RB
Blake Corum,2025,9,5.29,RB
Clyde Edwards-Helaire,2025,9,4.99,RB
Bhayshul Tuten,2025,9,4.79,RB
Ray Davis,2025,9,4.57,RB
Ameer Abdullah,2025,9,4.51,RB
Devin Singletary,2025,9,4.34,RB
Emari Demercado,2025,9,3.71,RB
Malik Davis,2025,9,3.68,RB
Ty Johnson,2025,9,3.57,RB
Trevor Etienne,2025,9,3.47,RB
Keaton Mitchell,2025,9,3.37,RB
Kaleb Johnson,2025,9,3.31,RB
Raheem Mostert,2025,9,3.29,RB
Terrell Jennings,2025,9,3.28,RB
Chris Rodriguez Jr.,2025,9,3.22,RB
Tyler Badie,2025,9,3.02,RB
Brian Robinson,2025,9,2.89,RB
Tyler Goodson,2025,9,2.61,RB
Devin Neal,2025,9,2.56,RB
Dare Ogunbowale,2025,9,2.36,RB
Trey Sermon,2025,9,2.33,RB
Julius Chestnut,2025,9,2.31,RB
Hunter Luepke,2025,9,2.26,RB
Dylan Laube,2025,9,2.22,RB
Brittain Brown,2025,9,1.87,RB
Lew Nichols III,2025,9,1.73,RB
British Brooks,2025,9,1.7,RB
Sione Vaki,2025,9,1.67,RB
Robbie Ouzts,2025,9,1.55,RB
Adam Prentice,2025,9,1.54,RB
Chris Brooks,2025,9,1.54,RB
Tahj Brooks,2025,9,1.54,RB
George Holani,2025,9,1.45,RB
LeQuint Allen Jr.,2025,9,1.4,RB
Travis Homer,2025,9,1.36,RB
Jacob Saylors,2025,9,1.35,RB
Isaac Guerendo,2025,9,1.03,RB
Rasheen Ali,2025,9,0.34,RB
Brock Bowers,2025,9,15.09,TE
Trey McBride,2025,9,13.44,TE
Travis Kelce,2025,9,13.14,TE
Oronde Gadsden II,2025,9,11.85,TE
Tucker Kraft,2025,9,11.74,TE
Tyler Warren,2025,9,11.71,TE
Sam LaPorta,2025,9,10.97,TE
T.J. Hockenson,2025,9,10.63,TE
Evan Engram,2025,9,10.5,TE
Kyle Pitts,2025,9,10.42,TE
Jake Ferguson,2025,9,10.4,TE
George Kittle,2025,9,10.39,TE
Mark Andrews,2025,9,10.16,TE
Zach Ertz,2025,9,10.15,TE
Theo Johnson,2025,9,9.28,TE
Dalton Schultz,2025,9,9.23,TE
Dalton Kincaid,2025,9,9.11,TE
Hunter Henry,2025,9,9.1,TE
Pat Freiermuth,2025,9,8.61,TE
Jonnu Smith,2025,9,8.57,TE
Chig Okonkwo,2025,9,8.46,TE
Juwan Johnson,2025,9,8.31,TE
Noah Fant,2025,9,8.14,TE
Tyler Higbee,2025,9,7.94,TE
AJ Barner,2025,9,6.47,TE
Gunnar Helm,2025,9,6.27,TE
Michael Mayer,2025,9,6.15,TE
Darnell Washington,2025,9,5.9,TE
Isaiah Likely,2025,9,5.67,TE
Cole Kmet,2025,9,5.56,TE
Ja'Tavion Sanders,2025,9,5.2,TE
Colston Loveland,2025,9,4.99,TE
Elijah Arroyo,2025,9,4.99,TE
Taysom Hill,2025,9,4.59,TE
Tommy Tremble,2025,9,4.54,TE
Austin Hooper,2025,9,4.5,TE
Noah Gray,2025,9,4.39,TE
Greg Dulcich,2025,9,4.29,TE
Dawson Knox,2025,9,4.13,TE
Luke Schoonmaker,2025,9,3.92,TE
Tanner Hudson,2025,9,3.87,TE
Colby Parkinson,2025,9,3.85,TE
Jackson Hawes,2025,9,3.79,TE
Harrison Bryant,2025,9,3.61,TE
Luke Musgrave,2025,9,3.61,TE
Terrance Ferguson,2025,9,3.58,TE
Brock Wright,2025,9,3.57,TE
Tanner Conner,2025,9,3.47,TE
Johnny Mundt,2025,9,3.02,TE
Hunter Long,2025,9,3.02,TE
Davis Allen,2025,9,2.91,TE
Mo Alie-Cox,2025,9,2.76,TE
Elijah Higgins,2025,9,2.66,TE
Adam Trautman,2025,9,2.49,TE
Ian Thomas,2025,9,2.48,TE
John Bates,2025,9,2.35,TE
Charlie Kolar,2025,9,2.29,TE
Jack Westover,2025,9,2.18,TE
Tucker Fisk,2025,9,2.0,TE
Connor Heyward,2025,9,1.97,TE
David Martin-Robinson,2025,9,1.86,TE
Ben Yurosek,2025,9,1.79,TE
Durham Smythe,2025,9,1.69,TE
Brevyn Spann-Ford,2025,9,1.68,TE
Luke Farrell,2025,9,1.66,TE
Andrew Ogletree,2025,9,1.53,TE
Princeton Fant,2025,9,1.34,TE
Feleipe Franks,2025,9,1.02,TE
Puka Nacua,2025,9,20.08,WR
Amon-Ra St. Brown,2025,9,19.26,WR
CeeDee Lamb,2025,9,18.72,WR
Justin Jefferson,2025,9,18.06,WR
Ja'Marr Chase,2025,9,17.74,WR
Jaxon Smith-Njigba,2025,9,15.61,WR
Rashee Rice,2025,9,15.32,WR
George Pickens,2025,9,15.22,WR
Drake London,2025,9,15.07,WR
Davante Adams,2025,9,15.01,WR
Ladd McConkey,2025,9,14.51,WR
Jordan Addison,2025,9,14.35,WR
Zay Flowers,2025,9,14.17,WR
Stefon Diggs,2025,9,14.08,WR
DK Metcalf,2025,9,13.7,WR
Jakobi Meyers,2025,9,13.69,WR
Chris Olave,2025,9,13.62,WR
Keenan Allen,2025,9,13.6,WR
Brian Thomas Jr.,2025,9,13.55,WR
Nico Collins,2025,9,13.53,WR
Courtland Sutton,2025,9,13.3,WR
Quentin Johnston,2025,9,13.12,WR
Khalil Shakir,2025,9,12.94,WR
Jaylen Waddle,2025,9,12.81,WR
Deebo Samuel Sr.,2025,9,12.67,WR
Rome Odunze,2025,9,12.56,WR
Xavier Worthy,2025,9,12.43,WR
Michael Pittman,2025,9,12.3,WR
Rashid Shaheed,2025,9,12.29,WR
Tee Higgins,2025,9,12.27,WR
Wan'Dale Robinson,2025,9,12.17,WR
DJ Moore,2025,9,12.03,WR
Tetairoa McMillan,2025,9,12.0,WR
Romeo Doubs,2025,9,11.77,WR
Tre Tucker,2025,9,11.49,WR
Troy Franklin,2025,9,11.38,WR
Alec Pierce,2025,9,11.37,WR
Kendrick Bourne,2025,9,10.19,WR
Christian Watson,2025,9,10.08,WR
Marvin Harrison Jr.,2025,9,10.05,WR
Josh Downs,2025,9,10.0,WR
Jameson Williams,2025,9,9.91,WR
Kayshon Boutte,2025,9,9.67,WR
Jauan Jennings,2025,9,9.37,WR
Darnell Mooney,2025,9,9.11,WR
Keon Coleman,2025,9,8.9,WR
Marquise Brown,2025,9,8.68,WR
Elic Ayomanor,2025,9,8.62,WR
Calvin Austin III,2025,9,8.49,WR
Chimere Dike,2025,9,8.48,WR
Christian Kirk,2025,9,8.42,WR
Matthew Golden,2025,9,8.34,WR
Tyquan Thornton,2025,9,8.16,WR
Xavier Legette,2025,9,8.11,WR
Darius Slayton,2025,9,8.01,WR
Malik Washington,2025,9,7.95,WR
Parker Washington,2025,9,7.86,WR
Rashod Bateman,2025,9,7.74,WR
Mack Hollins,2025,9,7.55,WR
JuJu Smith-Schuster,2025,9,7.44,WR
Olamide Zaccheaus,2025,9,7.34,WR
Xavier Hutchinson,2025,9,7.07,WR
Van Jefferson,2025,9,6.91,WR
Jaylin Noel,2025,9,6.66,WR
Roman Wilson,2025,9,6.64,WR
Jalen Coker,2025,9,6.6,WR
Jayden Higgins,2025,9,6.59,WR
KaVontae Turpin,2025,9,6.24,WR
DeMario Douglas,2025,9,6.24,WR
Dyami Brown,2025,9,6.1,WR
Andrei Iosivas,2025,9,5.91,WR
Michael Wilson,2025,9,5.78,WR
DeAndre Hopkins,2025,9,5.66,WR
Tyrell Shavers,2025,9,5.45,WR
Elijah Moore,2025,9,5.26,WR
Ray-Ray McCloud,2025,9,5.21,WR
Greg Dortch,2025,9,5.15,WR
Luke McCaffrey,2025,9,5.08,WR
Braxton Berrios,2025,9,5.0,WR
Pat Bryant,2025,9,4.98,WR
Demarcus Robinson,2025,9,4.95,WR
Ryan Flournoy,2025,9,4.94,WR
Nick Westbrook-Ikhine,2025,9,4.76,WR
Tyler Lockett,2025,9,4.74,WR
Jaylin Lane,2025,9,4.72,WR
Brandin Cooks,2025,9,4.63,WR
Jalen Nailor,2025,9,4.41,WR
Tory Horton,2025,9,4.41,WR
KhaDarel Hodge,2025,9,4.38,WR
Jalin Hyatt,2025,9,4.38,WR
Tre Harris,2025,9,4.28,WR
David Sills,2025,9,4.24,WR
Curtis Samuel,2025,9,4.2,WR
Kalif Raymond,2025,9,4.16,WR
Malik Heath,2025,9,4.09,WR
Jack Bech,2025,9,4.02,WR
Jimmy Horn Jr.,2025,9,3.89,WR
Austin Trammell,2025,9,3.8,WR
Cedrick Wilson Jr.,2025,9,3.77,WR
Treylon Burks,2025,9,3.66,WR
Mitchell Tinsley,2025,9,3.45,WR
Adonai Mitchell,2025,9,3.38,WR
Savion Williams,2025,9,2.94,WR
Ashton Dulin,2025,9,2.9,WR
Tylan Wallace,2025,9,2.82,WR
Devin Duvernay,2025,9,2.69,WR
Jordan Watkins,2025,9,2.61,WR
Tahj Washington,2025,9,2.59,WR
Brycen Tremayne,2025,9,2.47,WR
Xavier Smith,2025,9,2.46,WR
Kyle Williams,2025,9,2.03,WR
KeAndre Lambert-Smith,2025,9,2.02,WR
Dee Eskridge,2025,9,1.99,WR
Skyy Moore,2025,9,1.99,WR
Cody White,2025,9,1.92,WR
Ben Skowronek,2025,9,1.54,WR
Simi Fehoko,2025,9,1.47,WR
Michael Bandy,2025,9,1.38,WR
Tim Jones,2025,9,1.3,WR
Jahdae Walker,2025,9,1.28,WR
Mason Kinsey,2025,9,1.19,WR
Nikko Remigio,2025,9,1.14,WR
Tai Felton,2025,9,1.14,WR
Alex Bachman,2025,9,1.01,WR
Derius Davis,2025,9,0.92,WR
Ke'Shawn Williams,2025,9,0.9,WR
Efton Chism III,2025,9,0.86,WR
LaJohntay Wester,2025,9,0.73,WR
Jamal Agnew,2025,9,0.65,WR
Charlie Jones,2025,9,0.54,WR
Myles Price,2025,9,0.54,WR
Gunner Olszewski,2025,9,0.37,WR
HOU,2025,10,8.15,DEF
DEN,2025,10,8.07,DEF
SEA,2025,10,7.53,DEF
CLE,2025,10,7.52,DEF
NYJ,2025,10,7.43,DEF
LA,2025,10,7.4,DEF
CHI,2025,10,7.39,DEF
TB,2025,10,7.09,DEF
BUF,2025,10,6.85,DEF
DET,2025,10,6.81,DEF
NE,2025,10,6.75,DEF
GB,2025,10,6.7,DEF
PHI,2025,10,6.47,DEF
JAX,2025,10,6.41,DEF
CAR,2025,10,6.38,DEF
BAL,2025,10,6.28,DEF
LAC,2025,10,6.26,DEF
IND,2025,10,6.24,DEF
PIT,2025,10,6.13,DEF
NO,2025,10,6.07,DEF
NYG,2025,10,6.02,DEF
ARI,2025,10,5.93,DEF
MIN,2025,10,5.82,DEF
SF,2025,10,5.52,DEF
MIA,2025,10,5.45,DEF
WAS,2025,10,5.23,DEF
LV,2025,10,5.02,DEF
ATL,2025,10,5.01,DEF
Matt Gay,2025,10,8.8,K
Jake Bates,2025,10,8.66,K
Mike Badgley,2025,10,8.6,K
Cairo Santos,2025,10,8.54,K
Chris Boswell,2025,10,8.52,K
Cameron Dicker,2025,10,8.49,K
Will Reichard,2025,10,8.43,K
Chase McLaughlin,2025,10,8.4,K
Tyler Loop,2025,10,8.37,K
Wil Lutz,2025,10,8.26,K
Jake Elliott,2025,10,8.22,K
Jason Myers,2025,10,8.21,K
Blake Grupe,2025,10,8.21,K
Eddy Pineiro,2025,10,8.2,K
Daniel Carlson,2025,10,8.18,K
Matt Prater,2025,10,8.04,K
Brandon McManus,2025,10,7.89,K
Nick Folk,2025,10,7.88,K
Zane Gonzalez,2025,10,7.86,K
Riley Patterson,2025,10,7.86,K
Ryan Fitzgerald,2025,10,7.81,K
Younghoe Koo,2025,10,7.79,K
Andy Borregales,2025,10,7.79,K
Matthew Wright,2025,10,7.75,K
Chad Ryland,2025,10,7.4,K
Cam Little,2025,10,7.4,K
Harrison Mevis,2025,10,6.67,K
Andre Szmyt,2025,10,6.44,K
Lamar Jackson,2025,10,21.67,QB
Josh Allen,2025,10,21.2,QB
Jalen Hurts,2025,10,19.61,QB
Bo Nix,2025,10,19.55,QB
Justin Herbert,2025,10,19.06,QB
Matthew Stafford,2025,10,18.48,QB
Caleb Williams,2025,10,17.71,QB
Daniel Jones,2025,10,17.4,QB
Drake Maye,2025,10,17.38,QB
Sam Darnold,2025,10,16.97,QB
Baker Mayfield,2025,10,16.73,QB
Jordan Love,2025,10,16.58,QB
Jaxson Dart,2025,10,16.42,QB
Tua Tagovailoa,2025,10,15.9,QB
Justin Fields,2025,10,15.68,QB
Aaron Rodgers,2025,10,15.63,QB
Trevor Lawrence,2025,10,15.6,QB
Jared Goff,2025,10,15.43,QB
Marcus Mariota,2025,10,13.97,QB
J.J. McCarthy,2025,10,13.63,QB
Mac Jones,2025,10,13.01,QB
Geno Smith,2025,10,12.83,QB
Michael Penix Jr.,2025,10,12.61,QB
Jacoby Brissett,2025,10,11.92,QB
Bryce Young,2025,10,11.7,QB
Russell Wilson,2025,10,9.8,QB
Dillon Gabriel,2025,10,8.74,QB
Davis Mills,2025,10,8.7,QB
Tyler Shough,2025,10,6.65,QB
Drew Lock,2025,10,5.09,QB
Mitchell Trubisky,2025,10,3.41,QB
Kenny Pickett,2025,10,3.24,QB
Kedon Slovis,2025,10,2.38,QB
Kyle Allen,2025,10,1.44,QB
Christian McCaffrey,2025,10,20.47,RB
Bijan Robinson,2025,10,19.44,RB
De'Von Achane,2025,10,18.57,RB
Jonathan Taylor,2025,10,17.97,RB
Saquon Barkley,2025,10,17.09,RB
Josh Jacobs,2025,10,17.04,RB
James Cook,2025,10,16.22,RB
Rico Dowdle,2025,10,16.03,RB
Jahmyr Gibbs,2025,10,15.84,RB
Breece Hall,2025,10,15.56,RB
D'Andre Swift,2025,10,15.4,RB
Kyren Williams,2025,10,15.21,RB
Derrick Henry,2025,10,14.68,RB
Ashton Jeanty,2025,10,14.27,RB
Travis Etienne,2025,10,13.67,RB
J.K. Dobbins,2025,10,13.55,RB
Kyle Monangai,2025,10,13.26,RB
Jaylen Warren,2025,10,13.04,RB
Kenneth Walker III,2025,10,12.5,RB
Quinshon Judkins,2025,10,12.14,RB
Rachaad White,2025,10,11.99,RB
Alvin Kamara,2025,10,11.73,RB
Kimani Vidal,2025,10,10.22,RB
David Montgomery,2025,10,10.19,RB
Aaron Jones,2025,10,10.13,RB
RJ Harvey,2025,10,10.06,RB
TreVeyon Henderson,2025,10,9.87,RB
Zach Charbonnet,2025,10,9.05,RB
Chuba Hubbard,2025,10,9.0,RB
Woody Marks,2025,10,8.96,RB
Nick Chubb,2025,10,8.83,RB
Jacory Croskey-Merritt,2025,10,8.68,RB
Kenneth Gainwell,2025,10,8.54,RB
Michael Carter,2025,10,8.32,RB
Jordan Mason,2025,10,7.95,RB
Tyrone Tracy Jr.,2025,10,7.52,RB
Bam Knight,2025,10,7.19,RB
Chris Rodriguez Jr.,2025,10,6.97,RB
Terrell Jennings,2025,10,6.74,RB
Isaiah Davis,2025,10,6.57,RB
Justice Hill,2025,10,6.55,RB
Sean Tucker,2025,10,6.29,RB
Dylan Sampson,2025,10,6.08,RB
Jaret Patterson,2025,10,5.93,RB
Emari Demercado,2025,10,5.92,RB
Tank Bigsby,2025,10,5.82,RB
Jeremy McNichols,2025,10,5.8,RB
Blake Corum,2025,10,5.71,RB
Bhayshul Tuten,2025,10,5.58,RB
Devin Singletary,2025,10,5.49,RB
Emanuel Wilson,2025,10,5.49,RB
Jaylen Wright,2025,10,5.38,RB
Brian Robinson,2025,10,5.21,RB
Ollie Gordon II,2025,10,5.08,RB
Jerome Ford,2025,10,4.69,RB
Tyler Allgeier,2025,10,4.31,RB
Ameer Abdullah,2025,10,4.15,RB
Tyler Badie,2025,10,3.81,RB
Devin Neal,2025,10,3.72,RB
Raheem Mostert,2025,10,3.52,RB
Dameon Pierce,2025,10,3.46,RB
Ty Johnson,2025,10,3.42,RB
Keaton Mitchell,2025,10,3.15,RB
Kaleb Johnson,2025,10,3.01,RB
Ray Davis,2025,10,2.89,RB
Trevor Etienne,2025,10,2.73,RB
D'Ernest Johnson,2025,10,2.6,RB
George Holani,2025,10,2.28,RB
Adam Prentice,2025,10,2.15,RB
Will Shipley,2025,10,2.15,RB
Tyler Goodson,2025,10,1.9,RB
Chris Brooks,2025,10,1.88,RB
LeQuint Allen Jr.,2025,10,1.85,RB
Andrew Beck,2025,10,1.72,RB
Trey Sermon,2025,10,1.68,RB
Dylan Laube,2025,10,1.63,RB
Trayveon Williams,2025,10,1.39,RB
Robbie Ouzts,2025,10,1.05,RB
Sione Vaki,2025,10,0.76,RB
Kene Nwangwu,2025,10,0.67,RB
Brock Bowers,2025,10,14.74,TE
Trey McBride,2025,10,13.66,TE
Tyler Warren,2025,10,12.05,TE
Oronde Gadsden II,2025,10,11.77,TE
Sam LaPorta,2025,10,10.87,TE
George Kittle,2025,10,10.83,TE
Dalton Kincaid,2025,10,10.37,TE
Kyle Pitts,2025,10,10.36,TE
Cade Otton,2025,10,10.24,TE
Zach Ertz,2025,10,10.2,TE
David Njoku,2025,10,10.04,TE
Dalton Schultz,2025,10,10.04,TE
Harold Fannin Jr.,2025,10,9.99,TE
Dallas Goedert,2025,10,9.86,TE
Hunter Henry,2025,10,9.82,TE
Evan Engram,2025,10,9.65,TE
Mason Taylor,2025,10,9.51,TE
Mark Andrews,2025,10,9.33,TE
T.J. Hockenson,2025,10,9.24,TE
Theo Johnson,2025,10,8.81,TE
Juwan Johnson,2025,10,8.24,TE
Jonnu Smith,2025,10,8.21,TE
Pat Freiermuth,2025,10,7.95,TE
Greg Dulcich,2025,10,7.62,TE
Tyler Higbee,2025,10,7.52,TE
AJ Barner,2025,10,7.48,TE
Colston Loveland,2025,10,7.33,TE
Isaiah Likely,2025,10,6.98,TE
Darnell Washington,2025,10,6.56,TE
Michael Mayer,2025,10,6.24,TE
Ja'Tavion Sanders,2025,10,5.3,TE
Cole Kmet,2025,10,5.15,TE
Elijah Arroyo,2025,10,4.92,TE
Taysom Hill,2025,10,4.88,TE
Tyler Conklin,2025,10,4.77,TE
Daniel Bellinger,2025,10,4.67,TE
Terrance Ferguson,2025,10,4.52,TE
Stone Smartt,2025,10,4.16,TE
Austin Hooper,2025,10,4.08,TE
John Bates,2025,10,3.96,TE
Dawson Knox,2025,10,3.95,TE
Jackson Hawes,2025,10,3.93,TE
Mitchell Evans,2025,10,3.85,TE
Luke Musgrave,2025,10,3.77,TE
Charlie Kolar,2025,10,3.49,TE
Davis Allen,2025,10,3.39,TE
Foster Moreau,2025,10,3.29,TE
Colby Parkinson,2025,10,3.26,TE
Elijah Higgins,2025,10,3.11,TE
Adam Trautman,2025,10,3.06,TE
Jeremy Ruckert,2025,10,3.01,TE
Grant Calcaterra,2025,10,2.96,TE
Mo Alie-Cox,2025,10,2.93,TE
Brock Wright,2025,10,2.93,TE
Payne Durham,2025,10,2.36,TE
Zaire Mitchell-Paden,2025,10,2.28,TE
Blake Whiteheart,2025,10,2.22,TE
Johnny Mundt,2025,10,2.17,TE
Tucker Fisk,2025,10,2.16,TE
Luke Farrell,2025,10,2.15,TE
Charlie Woerner,2025,10,2.08,TE
Marcedes Lewis,2025,10,2.07,TE
Ben Sinnott,2025,10,1.97,TE
Ben Yurosek,2025,10,1.94,TE
Kylen Granson,2025,10,1.91,TE
Nick Kallerup,2025,10,1.86,TE
Ross Dwelley,2025,10,1.75,TE
Connor Heyward,2025,10,1.59,TE
Andrew Ogletree,2025,10,1.5,TE
Jack Westover,2025,10,0.9,TE
Feleipe Franks,2025,10,0.63,TE
Justin Jefferson,2025,10,19.49,WR
Puka Nacua,2025,10,18.38,WR
Amon-Ra St. Brown,2025,10,17.95,WR
Drake London,2025,10,16.4,WR
Ladd McConkey,2025,10,15.91,WR
Jaxon Smith-Njigba,2025,10,15.68,WR
Garrett Wilson,2025,10,15.23,WR
Emeka Egbuka,2025,10,14.77,WR
Michael Pittman,2025,10,14.67,WR
Nico Collins,2025,10,14.63,WR
Davante Adams,2025,10,14.31,WR
Jaylen Waddle,2025,10,14.09,WR
Zay Flowers,2025,10,13.91,WR
Jordan Addison,2025,10,13.87,WR
Keenan Allen,2025,10,13.83,WR
Chris Olave,2025,10,13.62,WR
DeVonta Smith,2025,10,13.5,WR
A.J. Brown,2025,10,13.4,WR
Quentin Johnston,2025,10,13.28,WR
Alec Pierce,2025,10,13.11,WR
Romeo Doubs,2025,10,13.11,WR
Stefon Diggs,2025,10,13.03,WR
DK Metcalf,2025,10,13.0,WR
Khalil Shakir,2025,10,12.85,WR
Wan'Dale Robinson,2025,10,12.7,WR
Deebo Samuel Sr.,2025,10,12.6,WR
Tetairoa McMillan,2025,10,12.47,WR
Rashid Shaheed,2025,10,12.41,WR
DJ Moore,2025,10,12.29,WR
Courtland Sutton,2025,10,12.22,WR
Jakobi Meyers,2025,10,12.0,WR
Marvin Harrison Jr.,2025,10,11.9,WR
Troy Franklin,2025,10,11.79,WR
Rome Odunze,2025,10,10.91,WR
Jameson Williams,2025,10,10.87,WR
Tre Tucker,2025,10,10.76,WR
Josh Downs,2025,10,10.75,WR
Jauan Jennings,2025,10,10.42,WR
Cooper Kupp,2025,10,9.78,WR
Parker Washington,2025,10,9.53,WR
Christian Watson,2025,10,9.52,WR
Kendrick Bourne,2025,10,9.29,WR
DeMario Douglas,2025,10,8.87,WR
Calvin Austin III,2025,10,8.73,WR
Christian Kirk,2025,10,8.69,WR
Keon Coleman,2025,10,8.67,WR
Olamide Zaccheaus,2025,10,8.45,WR
Darius Slayton,2025,10,8.39,WR
Malik Washington,2025,10,8.16,WR
Jerry Jeudy,2025,10,8.1,WR
Tez Johnson,2025,10,7.92,WR
Darnell Mooney,2025,10,7.77,WR
Xavier Legette,2025,10,7.52,WR
Mack Hollins,2025,10,7.18,WR
Sterling Shepard,2025,10,7.17,WR
Zay Jones,2025,10,6.82,WR
Rashod Bateman,2025,10,6.75,WR
Chris Moore,2025,10,6.47,WR
Cedric Tillman,2025,10,6.41,WR
Dyami Brown,2025,10,6.4,WR
Robbie Chosen,2025,10,6.34,WR
Michael Wilson,2025,10,6.34,WR
Jaylin Lane,2025,10,6.27,WR
Tyler Johnson,2025,10,6.09,WR
Jalen Nailor,2025,10,5.75,WR
Jalen Coker,2025,10,5.75,WR
Jayden Higgins,2025,10,5.49,WR
Nick Westbrook-Ikhine,2025,10,5.17,WR
Dontayvion Wicks,2025,10,5.17,WR
Jaylin Noel,2025,10,5.06,WR
Dante Pettis,2025,10,4.88,WR
DeAndre Hopkins,2025,10,4.85,WR
Adam Thielen,2025,10,4.8,WR
Roman Wilson,2025,10,4.68,WR
Jahan Dotson,2025,10,4.64,WR
Luther Burden III,2025,10,4.6,WR
Elijah Moore,2025,10,4.59,WR
Devaughn Vele,2025,10,4.56,WR
Pat Bryant,2025,10,4.55,WR
Demarcus Robinson,2025,10,4.46,WR
Greg Dortch,2025,10,4.22,WR
Ray-Ray McCloud,2025,10,4.19,WR
Tre Harris,2025,10,3.96,WR
Arian Smith,2025,10,3.94,WR
Tyrell Shavers,2025,10,3.93,WR
Jamari Thrash,2025,10,3.87,WR
Tyler Lockett,2025,10,3.86,WR
Austin Trammell,2025,10,3.74,WR
Braxton Berrios,2025,10,3.71,WR
Dont'e Thornton Jr.,2025,10,3.69,WR
Cody White,2025,10,3.63,WR
Treylon Burks,2025,10,3.53,WR
John Metchie III,2025,10,3.48,WR
Curtis Samuel,2025,10,3.42,WR
Xavier Smith,2025,10,3.26,WR
Malachi Corley,2025,10,3.13,WR
Konata Mumpfield,2025,10,3.13,WR
Savion Williams,2025,10,3.1,WR
KhaDarel Hodge,2025,10,3.09,WR
Isaiah Williams,2025,10,3.03,WR
Jack Bech,2025,10,2.84,WR
Kalif Raymond,2025,10,2.81,WR
Isaac TeSlaa,2025,10,2.76,WR
Michael Bandy,2025,10,2.72,WR
David Sills,2025,10,2.57,WR
Skyy Moore,2025,10,2.5,WR
Kameron Johnson,2025,10,2.5,WR
Kyle Williams,2025,10,2.46,WR
Ryan Miller,2025,10,2.35,WR
Ashton Dulin,2025,10,2.28,WR
Tim Jones,2025,10,2.2,WR
Laquon Treadwell,2025,10,2.09,WR
Gunner Olszewski,2025,10,2.06,WR
Gage Larvadain,2025,10,1.86,WR
Simi Fehoko,2025,10,1.76,WR
Xavier Gipson,2025,10,1.75,WR
Devin Duvernay,2025,10,1.52,WR
Dominic Lovett,2025,10,1.47,WR
Tylan Wallace,2025,10,1.39,WR
Ben Skowronek,2025,10,1.19,WR
Alex Bachman,2025,10,0.85,WR
Derius Davis,2025,10,0.8,WR
Ke'Shawn Williams,2025,10,0.73,WR
Myles Price,2025,10,0.72,WR
Jamal Agnew,2025,10,0.66,WR
Efton Chism III,2025,10,0.64,WR
LaJohntay Wester,2025,10,0.48,WR
HOU,2025,11,9.14,DEF
LAC,2025,11,8.4,DEF
BAL,2025,11,8.37,DEF
CLE,2025,11,7.34,DEF
DEN,2025,11,7.34,DEF
GB,2025,11,7.24,DEF
BUF,2025,11,7.2,DEF
NE,2025,11,7.2,DEF
SEA,2025,11,7.2,DEF
KC,2025,11,7.12,DEF
TB,2025,11,6.68,DEF
LA,2025,11,6.67,DEF
PHI,2025,11,6.63,DEF
DET,2025,11,6.57,DEF
ATL,2025,11,6.52,DEF
TEN,2025,11,6.5,DEF
JAX,2025,11,6.19,DEF
PIT,2025,11,6.18,DEF
NYG,2025,11,6.02,DEF
CIN,2025,11,5.98,DEF
MIN,2025,11,5.96,DEF
NYJ,2025,11,5.89,DEF
WAS,2025,11,5.83,DEF
DAL,2025,11,5.74,DEF
MIA,2025,11,5.7,DEF
CAR,2025,11,5.69,DEF
ARI,2025,11,5.53,DEF
SF,2025,11,5.51,DEF
CHI,2025,11,5.27,DEF
LV,2025,11,4.8,DEF
Matt Gay,2025,11,9.24,K
Chris Boswell,2025,11,8.94,K
Will Reichard,2025,11,8.77,K
Jake Bates,2025,11,8.74,K
Zane Gonzalez,2025,11,8.62,K
Chad Ryland,2025,11,8.44,K
Matt Prater,2025,11,8.43,K
Riley Patterson,2025,11,8.33,K
Andy Borregales,2025,11,8.32,K
Eddy Pineiro,2025,11,8.31,K
Jason Myers,2025,11,8.29,K
Brandon Aubrey,2025,11,8.27,K
Harrison Mevis,2025,11,8.26,K
Wil Lutz,2025,11,8.19,K
Chase McLaughlin,2025,11,8.12,K
Lucas Havrisik,2025,11,8.12,K
Jake Elliott,2025,11,7.99,K
Cameron Dicker,2025,11,7.96,K
Tyler Loop,2025,11,7.91,K
Evan McPherson,2025,11,7.9,K
Harrison Butker,2025,11,7.84,K
Matthew Wright,2025,11,7.83,K
Daniel Carlson,2025,11,7.79,K
Nick Folk,2025,11,7.74,K
Cairo Santos,2025,11,7.7,K
Younghoe Koo,2025,11,7.69,K
Cam Little,2025,11,7.69,K
Joey Slye,2025,11,6.91,K
Ryan Fitzgerald,2025,11,6.87,K
Andre Szmyt,2025,11,6.65,K
Lamar Jackson,2025,11,21.29,QB
Josh Allen,2025,11,21.12,QB
Patrick Mahomes,2025,11,19.63,QB
Matthew Stafford,2025,11,19.56,QB
Jalen Hurts,2025,11,19.1,QB
Drake Maye,2025,11,17.86,QB
Bo Nix,2025,11,16.77,QB
Aaron Rodgers,2025,11,16.76,QB
Justin Herbert,2025,11,16.68,QB
Dak Prescott,2025,11,16.51,QB
Caleb Williams,2025,11,16.47,QB
Jared Goff,2025,11,16.24,QB
Jordan Love,2025,11,16.21,QB
Tua Tagovailoa,2025,11,16.09,QB
Baker Mayfield,2025,11,16.08,QB
Brock Purdy,2025,11,15.47,QB
Joe Flacco,2025,11,15.42,QB
Sam Darnold,2025,11,15.11,QB
Trevor Lawrence,2025,11,14.94,QB
J.J. McCarthy,2025,11,14.89,QB
Justin Fields,2025,11,14.33,QB
Jacoby Brissett,2025,11,13.98,QB
Marcus Mariota,2025,11,13.5,QB
Cam Ward,2025,11,13.37,QB
Geno Smith,2025,11,13.18,QB
Mac Jones,2025,11,12.79,QB
Michael Penix Jr.,2025,11,12.71,QB
Kirk Cousins,2025,11,12.23,QB
Jameis Winston,2025,11,11.81,QB
Dillon Gabriel,2025,11,11.51,QB
Davis Mills,2025,11,10.83,QB
Bryce Young,2025,11,10.68,QB
Shedeur Sanders,2025,11,8.69,QB
Trey Lance,2025,11,5.0,QB
Malik Willis,2025,11,4.58,QB
Mason Rudolph,2025,11,2.99,QB
Teddy Bridgewater,2025,11,2.41,QB
Christian McCaffrey,2025,11,20.59,RB
De'Von Achane,2025,11,20.59,RB
Jahmyr Gibbs,2025,11,18.48,RB
Saquon Barkley,2025,11,17.59,RB
Bijan Robinson,2025,11,16.95,RB
James Cook,2025,11,16.36,RB
Josh Jacobs,2025,11,16.11,RB
Breece Hall,2025,11,16.11,RB
Kyren Williams,2025,11,15.55,RB
D'Andre Swift,2025,11,15.04,RB
Derrick Henry,2025,11,14.87,RB
Ashton Jeanty,2025,11,14.72,RB
Javonte Williams,2025,11,14.29,RB
Chase Brown,2025,11,14.29,RB
Quinshon Judkins,2025,11,13.74,RB
TreVeyon Henderson,2025,11,13.54,RB
Jaylen Warren,2025,11,13.28,RB
Travis Etienne,2025,11,13.12,RB
Rico Dowdle,2025,11,12.94,RB
Kenneth Walker III,2025,11,11.71,RB
Rachaad White,2025,11,11.37,RB
Kimani Vidal,2025,11,11.05,RB
Tony Pollard,2025,11,10.93,RB
Aaron Jones,2025,11,10.79,RB
Woody Marks,2025,11,10.66,RB
David Montgomery,2025,11,10.54,RB
Tyrone Tracy Jr.,2025,11,10.4,RB
Zach Charbonnet,2025,11,9.85,RB
Kyle Monangai,2025,11,9.28,RB
Tyjae Spears,2025,11,9.05,RB
RJ Harvey,2025,11,8.82,RB
Kareem Hunt,2025,11,8.33,RB
Emari Demercado,2025,11,8.11,RB
Nick Chubb,2025,11,8.01,RB
Devin Singletary,2025,11,7.72,RB
Jacory Croskey-Merritt,2025,11,7.4,RB
Bam Knight,2025,11,7.24,RB
Blake Corum,2025,11,7.09,RB
Jordan Mason,2025,11,6.76,RB
Chuba Hubbard,2025,11,6.51,RB
Sean Tucker,2025,11,6.45,RB
Kenneth Gainwell,2025,11,6.44,RB
Tyler Allgeier,2025,11,6.41,RB
Michael Carter,2025,11,6.02,RB
Jeremy McNichols,2025,11,5.9,RB
Brian Robinson,2025,11,5.78,RB
Isaiah Davis,2025,11,5.4,RB
Brashard Smith,2025,11,5.17,RB
Bhayshul Tuten,2025,11,5.13,RB
Dylan Sampson,2025,11,5.12,RB
Chris Rodriguez Jr.,2025,11,5.0,RB
Emanuel Wilson,2025,11,4.82,RB
Jerome Ford,2025,11,4.59,RB
Tank Bigsby,2025,11,4.57,RB
Elijah Mitchell,2025,11,4.34,RB
Chase Edmonds,2025,11,4.1,RB
Jaylen Wright,2025,11,3.97,RB
Ty Johnson,2025,11,3.76,RB
Keaton Mitchell,2025,11,3.73,RB
Ray Davis,2025,11,3.69,RB
Raheem Mostert,2025,11,3.66,RB
George Holani,2025,11,3.46,RB
Jaleel McLaughlin,2025,11,3.44,RB
D'Ernest Johnson,2025,11,3.21,RB
Tyler Badie,2025,11,3.17,RB
Ollie Gordon II,2025,11,3.13,RB
Roschon Johnson,2025,11,2.93,RB
Kaleb Johnson,2025,11,2.82,RB
Amar Johnson,2025,11,2.67,RB
Malik Davis,2025,11,2.2,RB
Dare Ogunbowale,2025,11,2.14,RB
Adam Prentice,2025,11,2.14,RB
LeQuint Allen Jr.,2025,11,2.06,RB
Julius Chestnut,2025,11,1.86,RB
Trevor Etienne,2025,11,1.85,RB
Chris Brooks,2025,11,1.62,RB
Owen Wright,2025,11,1.6,RB
Kendall Milton,2025,11,1.55,RB
Tahj Brooks,2025,11,1.51,RB
Dylan Laube,2025,11,1.42,RB
Hunter Luepke,2025,11,1.36,RB
Travis Homer,2025,11,1.19,RB
Jacob Saylors,2025,11,1.15,RB
Kene Nwangwu,2025,11,0.55,RB
Trayveon Williams,2025,11,0.38,RB
Rasheen Ali,2025,11,0.31,RB
Brock Bowers,2025,11,14.94,TE
Trey McBride,2025,11,14.28,TE
Travis Kelce,2025,11,12.64,TE
George Kittle,2025,11,11.86,TE
Dalton Schultz,2025,11,10.91,TE
Cade Otton,2025,11,10.84,TE
Dallas Goedert,2025,11,10.65,TE
Oronde Gadsden II,2025,11,10.62,TE
Zach Ertz,2025,11,10.02,TE
David Njoku,2025,11,9.99,TE
Jake Ferguson,2025,11,9.93,TE
Harold Fannin Jr.,2025,11,9.59,TE
Kyle Pitts,2025,11,9.44,TE
Evan Engram,2025,11,9.31,TE
Mark Andrews,2025,11,9.15,TE
T.J. Hockenson,2025,11,9.09,TE
Theo Johnson,2025,11,8.93,TE
Hunter Henry,2025,11,8.61,TE
Mason Taylor,2025,11,8.43,TE
Pat Freiermuth,2025,11,8.23,TE
Jonnu Smith,2025,11,7.88,TE
Chig Okonkwo,2025,11,7.88,TE
Tyler Higbee,2025,11,7.6,TE
Jake Tonges,2025,11,7.56,TE
Colston Loveland,2025,11,7.55,TE
Noah Fant,2025,11,7.48,TE
Michael Mayer,2025,11,6.8,TE
Isaiah Likely,2025,11,6.78,TE
Greg Dulcich,2025,11,6.47,TE
Ja'Tavion Sanders,2025,11,6.25,TE
AJ Barner,2025,11,5.95,TE
Darnell Washington,2025,11,5.92,TE
Colby Parkinson,2025,11,5.47,TE
Gunnar Helm,2025,11,5.36,TE
Dawson Knox,2025,11,5.34,TE
Josh Whyle,2025,11,5.18,TE
Cole Kmet,2025,11,5.1,TE
Daniel Bellinger,2025,11,4.84,TE
Elijah Arroyo,2025,11,4.6,TE
Luke Musgrave,2025,11,4.18,TE
Tanner Hudson,2025,11,4.09,TE
Tommy Tremble,2025,11,4.08,TE
Noah Gray,2025,11,4.0,TE
Elijah Higgins,2025,11,3.66,TE
Mitchell Evans,2025,11,3.66,TE
Julian Hill,2025,11,3.5,TE
Josh Oliver,2025,11,3.39,TE
Brock Wright,2025,11,3.33,TE
Nick Kallerup,2025,11,3.16,TE
Charlie Kolar,2025,11,3.1,TE
Adam Trautman,2025,11,3.02,TE
Robert Tonyan,2025,11,2.97,TE
Keleki Latu,2025,11,2.89,TE
Carter Runyon,2025,11,2.87,TE
Johnny Mundt,2025,11,2.83,TE
Jeremy Ruckert,2025,11,2.77,TE
Ian Thomas,2025,11,2.56,TE
Luke Farrell,2025,11,2.28,TE
Pharaoh Brown,2025,11,2.18,TE
John FitzPatrick,2025,11,1.91,TE
Kylen Granson,2025,11,1.9,TE
Connor Heyward,2025,11,1.76,TE
Jack Westover,2025,11,1.71,TE
Josiah Deguara,2025,11,1.64,TE
Brevyn Spann-Ford,2025,11,1.64,TE
Quintin Morris,2025,11,1.62,TE
Cameron Latu,2025,11,1.49,TE
Durham Smythe,2025,11,1.48,TE
David Martin-Robinson,2025,11,1.35,TE
Feleipe Franks,2025,11,0.74,TE
Colson Yankoff,2025,11,0.56,TE
Ja'Marr Chase,2025,11,18.92,WR
Puka Nacua,2025,11,18.91,WR
CeeDee Lamb,2025,11,18.71,WR
Justin Jefferson,2025,11,18.43,WR
Amon-Ra St. Brown,2025,11,18.01,WR
Drake London,2025,11,17.25,WR
Davante Adams,2025,11,15.77,WR
Emeka Egbuka,2025,11,15.18,WR
Rashee Rice,2025,11,15.09,WR
Ladd McConkey,2025,11,15.01,WR
Jaxon Smith-Njigba,2025,11,14.86,WR
George Pickens,2025,11,14.52,WR
Nico Collins,2025,11,14.14,WR
Zay Flowers,2025,11,14.09,WR
DeVonta Smith,2025,11,13.99,WR
Jaylen Waddle,2025,11,13.97,WR
Tee Higgins,2025,11,13.4,WR
Jordan Addison,2025,11,13.09,WR
Ricky Pearsall,2025,11,13.09,WR
Quentin Johnston,2025,11,13.01,WR
Khalil Shakir,2025,11,12.84,WR
Wan'Dale Robinson,2025,11,12.69,WR
DK Metcalf,2025,11,12.6,WR
Tetairoa McMillan,2025,11,12.59,WR
A.J. Brown,2025,11,12.58,WR
Troy Franklin,2025,11,12.41,WR
Keenan Allen,2025,11,12.39,WR
Rashid Shaheed,2025,11,12.35,WR
Stefon Diggs,2025,11,12.3,WR
Rome Odunze,2025,11,12.06,WR
Deebo Samuel Sr.,2025,11,11.93,WR
Courtland Sutton,2025,11,11.88,WR
Jakobi Meyers,2025,11,11.57,WR
DJ Moore,2025,11,11.27,WR
Jerry Jeudy,2025,11,11.15,WR
Jameson Williams,2025,11,11.14,WR
Tez Johnson,2025,11,11.03,WR
Cooper Kupp,2025,11,10.97,WR
Romeo Doubs,2025,11,10.77,WR
Xavier Worthy,2025,11,10.45,WR
Tre Tucker,2025,11,10.27,WR
Calvin Ridley,2025,11,10.23,WR
Jauan Jennings,2025,11,10.07,WR
Parker Washington,2025,11,9.71,WR
Elic Ayomanor,2025,11,8.97,WR
DeMario Douglas,2025,11,8.93,WR
Marquise Brown,2025,11,8.61,WR
Mack Hollins,2025,11,8.57,WR
Calvin Austin III,2025,11,8.5,WR
Matthew Golden,2025,11,8.42,WR
Jalen Nailor,2025,11,8.13,WR
Christian Watson,2025,11,8.13,WR
Darnell Mooney,2025,11,8.09,WR
Chimere Dike,2025,11,7.73,WR
Malik Washington,2025,11,7.56,WR
Marvin Mims Jr.,2025,11,7.5,WR
Tyquan Thornton,2025,11,7.35,WR
Andrei Iosivas,2025,11,7.3,WR
Sterling Shepard,2025,11,7.21,WR
Van Jefferson,2025,11,7.14,WR
Michael Wilson,2025,11,7.08,WR
Christian Kirk,2025,11,6.89,WR
Josh Palmer,2025,11,6.88,WR
Xavier Hutchinson,2025,11,6.85,WR
Isaiah Bond,2025,11,6.77,WR
Cedric Tillman,2025,11,6.67,WR
Jayden Higgins,2025,11,6.66,WR
Robbie Chosen,2025,11,6.48,WR
JuJu Smith-Schuster,2025,11,6.48,WR
Tyler Lockett,2025,11,6.34,WR
Roman Wilson,2025,11,6.26,WR
Dyami Brown,2025,11,6.18,WR
Jalen Coker,2025,11,6.13,WR
Dontayvion Wicks,2025,11,5.91,WR
Jaylin Noel,2025,11,5.91,WR
Xavier Legette,2025,11,5.88,WR
Gabe Davis,2025,11,5.87,WR
Ryan Flournoy,2025,11,5.8,WR
KaVontae Turpin,2025,11,5.54,WR
Luther Burden III,2025,11,5.49,WR
DeAndre Hopkins,2025,11,5.44,WR
Austin Trammell,2025,11,5.39,WR
Jalen Tolbert,2025,11,5.37,WR
Demarcus Robinson,2025,11,5.33,WR
Jaylin Lane,2025,11,5.19,WR
Adam Thielen,2025,11,5.08,WR
Pat Bryant,2025,11,5.07,WR
Greg Dortch,2025,11,4.71,WR
Kalif Raymond,2025,11,4.6,WR
Jordan Whittington,2025,11,4.49,WR
Tyrell Shavers,2025,11,4.36,WR
Tre Harris,2025,11,4.2,WR
Chris Moore,2025,11,4.1,WR
Jahan Dotson,2025,11,3.92,WR
Kyle Williams,2025,11,3.83,WR
Malachi Corley,2025,11,3.82,WR
Curtis Samuel,2025,11,3.77,WR
John Metchie III,2025,11,3.56,WR
Adonai Mitchell,2025,11,3.56,WR
Jalin Hyatt,2025,11,3.5,WR
Jacoby Jones,2025,11,3.38,WR
Tim Patrick,2025,11,3.2,WR
Xavier Smith,2025,11,3.12,WR
Isaac TeSlaa,2025,11,3.07,WR
Mecole Hardman,2025,11,3.02,WR
Isaiah Williams,2025,11,3.01,WR
Isaiah Hodgins,2025,11,2.97,WR
Darius Cooper,2025,11,2.91,WR
Savion Williams,2025,11,2.9,WR
Jack Bech,2025,11,2.79,WR
KhaDarel Hodge,2025,11,2.74,WR
Cody White,2025,11,2.69,WR
Kameron Johnson,2025,11,2.43,WR
David Sills,2025,11,2.31,WR
Dalen Cambre,2025,11,2.31,WR
Brycen Tremayne,2025,11,2.29,WR
Skyy Moore,2025,11,2.25,WR
Gunner Olszewski,2025,11,2.13,WR
Xavier Weaver,2025,11,2.13,WR
Andre Baccellia,2025,11,1.97,WR
Gage Larvadain,2025,11,1.92,WR
Derius Davis,2025,11,1.62,WR
Xavier Gipson,2025,11,1.48,WR
Efton Chism III,2025,11,1.42,WR
Tai Felton,2025,11,1.3,WR
Devin Duvernay,2025,11,1.28,WR
Ryan Miller,2025,11,1.25,WR
Ke'Shawn Williams,2025,11,1.25,WR
Tylan Wallace,2025,11,1.16,WR
Nikko Remigio,2025,11,1.15,WR
Mason Kinsey,2025,11,1.13,WR
Ben Skowronek,2025,11,1.04,WR
Jamal Agnew,2025,11,0.9,WR
Charlie Jones,2025,11,0.85,WR
LaJohntay Wester,2025,11,0.49,WR
Myles Price,2025,11,0.46,WR
BAL,2025,12,8.97,DEF
SEA,2025,12,8.07,DEF
HOU,2025,12,8.01,DEF
CLE,2025,12,7.72,DEF
BUF,2025,12,7.33,DEF
LA,2025,12,6.97,DEF
GB,2025,12,6.87,DEF
PHI,2025,12,6.69,DEF
CHI,2025,12,6.62,DEF
JAX,2025,12,6.62,DEF
DET,2025,12,6.49,DEF
PIT,2025,12,6.4,DEF
LV,2025,12,6.08,DEF
NO,2025,12,6.06,DEF
NE,2025,12,6.04,DEF
MIN,2025,12,5.95,DEF
TB,2025,12,5.9,DEF
ATL,2025,12,5.76,DEF
TEN,2025,12,5.75,DEF
DAL,2025,12,5.69,DEF
ARI,2025,12,5.66,DEF
KC,2025,12,5.51,DEF
NYJ,2025,12,5.4,DEF
NYG,2025,12,5.27,DEF
SF,2025,12,5.26,DEF
IND,2025,12,5.25,DEF
CIN,2025,12,5.19,DEF
CAR,2025,12,5.09,DEF
Jake Bates,2025,12,9.42,K
Chad Ryland,2025,12,8.71,K
Tyler Loop,2025,12,8.69,K
Chris Boswell,2025,12,8.63,K
Brandon McManus,2025,12,8.58,K
Matt Gay,2025,12,8.57,K
Will Reichard,2025,12,8.46,K
Zane Gonzalez,2025,12,8.45,K
Blake Grupe,2025,12,8.41,K
Brandon Aubrey,2025,12,8.32,K
Younghoe Koo,2025,12,8.24,K
Jason Myers,2025,12,8.21,K
Jake Elliott,2025,12,8.14,K
Cam Little,2025,12,8.14,K
Chase McLaughlin,2025,12,8.13,K
Harrison Butker,2025,12,8.11,K
Matt Prater,2025,12,8.02,K
Cairo Santos,2025,12,7.96,K
Evan McPherson,2025,12,7.93,K
Mike Badgley,2025,12,7.72,K
Andy Borregales,2025,12,7.67,K
Nick Folk,2025,12,7.62,K
Daniel Carlson,2025,12,7.61,K
Harrison Mevis,2025,12,7.58,K
Ka'imi Fairbairn,2025,12,7.37,K
Joey Slye,2025,12,7.13,K
Andre Szmyt,2025,12,6.84,K
Ryan Fitzgerald,2025,12,6.54,K
Josh Allen,2025,12,23.98,QB
Patrick Mahomes,2025,12,20.5,QB
Lamar Jackson,2025,12,20.32,QB
Jalen Hurts,2025,12,19.77,QB
Dak Prescott,2025,12,18.97,QB
Matthew Stafford,2025,12,18.65,QB
Brock Purdy,2025,12,18.38,QB
Jared Goff,2025,12,17.99,QB
Caleb Williams,2025,12,16.8,QB
Joe Flacco,2025,12,16.69,QB
Drake Maye,2025,12,16.46,QB
Daniel Jones,2025,12,16.14,QB
Baker Mayfield,2025,12,16.08,QB
Jordan Love,2025,12,15.16,QB
Trevor Lawrence,2025,12,14.55,QB
Jacoby Brissett,2025,12,14.47,QB
Cam Ward,2025,12,14.3,QB
Sam Darnold,2025,12,14.19,QB
Geno Smith,2025,12,12.9,QB
Jameis Winston,2025,12,12.69,QB
Jake Browning,2025,12,12.59,QB
J.J. McCarthy,2025,12,11.83,QB
Bryce Young,2025,12,11.75,QB
Davis Mills,2025,12,11.69,QB
Tyrod Taylor,2025,12,11.4,QB
Tyler Shough,2025,12,10.06,QB
Kirk Cousins,2025,12,9.75,QB
Mason Rudolph,2025,12,8.03,QB
Malik Willis,2025,12,5.92,QB
Shedeur Sanders,2025,12,5.27,QB
Kedon Slovis,2025,12,3.44,QB
Teddy Bridgewater,2025,12,2.5,QB
Christian McCaffrey,2025,12,21.22,RB
Jahmyr Gibbs,2025,12,20.19,RB
Jonathan Taylor,2025,12,19.77,RB
Bijan Robinson,2025,12,17.66,RB
Derrick Henry,2025,12,16.64,RB
Saquon Barkley,2025,12,16.16,RB
Kyren Williams,2025,12,16.13,RB
Chase Brown,2025,12,15.77,RB
TreVeyon Henderson,2025,12,14.99,RB
James Cook,2025,12,14.57,RB
Alvin Kamara,2025,12,14.26,RB
D'Andre Swift,2025,12,14.26,RB
Travis Etienne,2025,12,14.03,RB
Javonte Williams,2025,12,14.03,RB
Breece Hall,2025,12,13.93,RB
Rico Dowdle,2025,12,13.6,RB
Ashton Jeanty,2025,12,13.6,RB
Aaron Jones,2025,12,12.92,RB
Kenneth Walker III,2025,12,12.43,RB
Tyrone Tracy Jr.,2025,12,12.3,RB
Quinshon Judkins,2025,12,12.02,RB
Jaylen Warren,2025,12,11.68,RB
Tony Pollard,2025,12,11.13,RB
Rachaad White,2025,12,11.11,RB
Kenneth Gainwell,2025,12,10.85,RB
David Montgomery,2025,12,10.69,RB
Rhamondre Stevenson,2025,12,10.44,RB
Sean Tucker,2025,12,10.3,RB
Kyle Monangai,2025,12,10.3,RB
Woody Marks,2025,12,10.16,RB
Zach Charbonnet,2025,12,9.7,RB
Kareem Hunt,2025,12,9.17,RB
Bam Knight,2025,12,8.61,RB
Tyjae Spears,2025,12,8.27,RB
Devin Singletary,2025,12,8.09,RB
Jordan Mason,2025,12,7.39,RB
Michael Carter,2025,12,7.35,RB
Bhayshul Tuten,2025,12,7.09,RB
Chuba Hubbard,2025,12,6.8,RB
Blake Corum,2025,12,6.6,RB
Emanuel Wilson,2025,12,6.45,RB
Nick Chubb,2025,12,5.97,RB
Brian Robinson,2025,12,5.92,RB
Justice Hill,2025,12,5.86,RB
Tyler Allgeier,2025,12,5.82,RB
Ty Johnson,2025,12,5.41,RB
Keaton Mitchell,2025,12,5.36,RB
Tank Bigsby,2025,12,4.85,RB
Isaiah Davis,2025,12,4.69,RB
Brashard Smith,2025,12,4.64,RB
LeQuint Allen Jr.,2025,12,4.63,RB
Terrell Jennings,2025,12,4.33,RB
Dylan Sampson,2025,12,4.24,RB
Devin Neal,2025,12,4.21,RB
Raheem Mostert,2025,12,4.17,RB
Jerome Ford,2025,12,3.79,RB
Clyde Edwards-Helaire,2025,12,3.76,RB
Ameer Abdullah,2025,12,3.4,RB
Will Shipley,2025,12,3.18,RB
Malik Davis,2025,12,3.01,RB
Hunter Luepke,2025,12,3.01,RB
Ray Davis,2025,12,2.97,RB
British Brooks,2025,12,2.63,RB
Tahj Brooks,2025,12,2.51,RB
Gary Brightwell,2025,12,2.42,RB
Kalel Mullings,2025,12,2.42,RB
Dare Ogunbowale,2025,12,2.41,RB
Julius Chestnut,2025,12,2.22,RB
Owen Wright,2025,12,2.14,RB
Chris Brooks,2025,12,2.11,RB
Tyler Goodson,2025,12,1.9,RB
Trevor Etienne,2025,12,1.71,RB
Jacob Saylors,2025,12,1.62,RB
Eric Gray,2025,12,1.43,RB
Andrew Beck,2025,12,1.37,RB
Dylan Laube,2025,12,1.2,RB
Kene Nwangwu,2025,12,0.5,RB
Trey McBride,2025,12,14.58,TE
Brock Bowers,2025,12,14.44,TE
Travis Kelce,2025,12,13.81,TE
Tyler Warren,2025,12,13.3,TE
George Kittle,2025,12,12.68,TE
Dallas Goedert,2025,12,10.55,TE
Mark Andrews,2025,12,10.3,TE
Cade Otton,2025,12,10.16,TE
Dalton Schultz,2025,12,10.08,TE
Harold Fannin Jr.,2025,12,9.99,TE
Jake Ferguson,2025,12,9.75,TE
Hunter Henry,2025,12,9.51,TE
Kyle Pitts,2025,12,9.48,TE
Theo Johnson,2025,12,9.01,TE
T.J. Hockenson,2025,12,8.87,TE
Juwan Johnson,2025,12,8.69,TE
AJ Barner,2025,12,8.14,TE
Noah Fant,2025,12,8.01,TE
Chig Okonkwo,2025,12,7.85,TE
Colston Loveland,2025,12,7.72,TE
Jonnu Smith,2025,12,7.7,TE
Pat Freiermuth,2025,12,7.64,TE
Mason Taylor,2025,12,7.59,TE
Brenton Strange,2025,12,7.44,TE
Michael Mayer,2025,12,6.81,TE
Isaiah Likely,2025,12,6.79,TE
Darnell Washington,2025,12,6.59,TE
Gunnar Helm,2025,12,6.08,TE
Ja'Tavion Sanders,2025,12,5.97,TE
Mike Gesicki,2025,12,5.86,TE
Cole Kmet,2025,12,5.6,TE
Taysom Hill,2025,12,5.14,TE
Terrance Ferguson,2025,12,5.13,TE
Colby Parkinson,2025,12,5.11,TE
Dawson Knox,2025,12,5.03,TE
Cade Stover,2025,12,5.0,TE
Noah Gray,2025,12,4.8,TE
Brock Wright,2025,12,4.58,TE
Elijah Arroyo,2025,12,4.42,TE
Tanner Hudson,2025,12,4.34,TE
Foster Moreau,2025,12,4.26,TE
Luke Musgrave,2025,12,4.26,TE
Daniel Bellinger,2025,12,4.2,TE
Austin Hooper,2025,12,4.09,TE
Josh Whyle,2025,12,4.09,TE
Luke Schoonmaker,2025,12,4.02,TE
Elijah Higgins,2025,12,3.65,TE
Jackson Hawes,2025,12,3.63,TE
Johnny Mundt,2025,12,3.59,TE
Mo Alie-Cox,2025,12,3.5,TE
Charlie Kolar,2025,12,3.38,TE
Mitchell Evans,2025,12,3.26,TE
Grant Calcaterra,2025,12,3.21,TE
Davis Allen,2025,12,3.17,TE
Teagan Quitoriano,2025,12,3.02,TE
Josh Oliver,2025,12,3.01,TE
Drew Sample,2025,12,2.73,TE
Durham Smythe,2025,12,2.64,TE
Jack Stoll,2025,12,2.54,TE
Ian Thomas,2025,12,2.47,TE
Quintin Morris,2025,12,2.28,TE
John FitzPatrick,2025,12,2.15,TE
Luke Farrell,2025,12,1.93,TE
Josiah Deguara,2025,12,1.9,TE
Ross Dwelley,2025,12,1.76,TE
Charlie Woerner,2025,12,1.62,TE
Pharaoh Brown,2025,12,1.51,TE
Brevyn Spann-Ford,2025,12,1.49,TE
Connor Heyward,2025,12,1.42,TE
Nikola Kalinic,2025,12,1.38,TE
Andrew Ogletree,2025,12,1.32,TE
Feleipe Franks,2025,12,0.67,TE
Cameron Latu,2025,12,0.62,TE
Puka Nacua,2025,12,19.8,WR
Amon-Ra St. Brown,2025,12,18.67,WR
CeeDee Lamb,2025,12,18.51,WR
Justin Jefferson,2025,12,16.31,WR
Nico Collins,2025,12,15.28,WR
Rashee Rice,2025,12,15.27,WR
Emeka Egbuka,2025,12,14.85,WR
Jaxon Smith-Njigba,2025,12,14.8,WR
Chris Godwin Jr.,2025,12,14.78,WR
Davante Adams,2025,12,14.67,WR
George Pickens,2025,12,14.39,WR
Zay Flowers,2025,12,14.3,WR
Chris Olave,2025,12,14.29,WR
A.J. Brown,2025,12,13.79,WR
Tee Higgins,2025,12,13.73,WR
DeVonta Smith,2025,12,13.64,WR
Tetairoa McMillan,2025,12,13.25,WR
Stefon Diggs,2025,12,13.24,WR
Michael Pittman,2025,12,13.2,WR
DK Metcalf,2025,12,13.14,WR
Jordan Addison,2025,12,12.38,WR
Wan'Dale Robinson,2025,12,12.31,WR
Rashid Shaheed,2025,12,11.91,WR
Jakobi Meyers,2025,12,11.89,WR
Jameson Williams,2025,12,11.74,WR
Jerry Jeudy,2025,12,11.68,WR
Alec Pierce,2025,12,11.47,WR
Romeo Doubs,2025,12,11.37,WR
Rome Odunze,2025,12,11.2,WR
Khalil Shakir,2025,12,11.16,WR
Jauan Jennings,2025,12,10.93,WR
Ricky Pearsall,2025,12,10.85,WR
Michael Wilson,2025,12,10.53,WR
Tre Tucker,2025,12,10.3,WR
Cooper Kupp,2025,12,10.15,WR
DJ Moore,2025,12,10.0,WR
Xavier Worthy,2025,12,9.8,WR
Darius Slayton,2025,12,9.4,WR
Christian Watson,2025,12,9.37,WR
Josh Downs,2025,12,8.84,WR
Darnell Mooney,2025,12,8.81,WR
Kayshon Boutte,2025,12,8.8,WR
Parker Washington,2025,12,8.71,WR
Marquise Brown,2025,12,8.69,WR
DeMario Douglas,2025,12,8.5,WR
Mack Hollins,2025,12,8.47,WR
Tez Johnson,2025,12,8.38,WR
Isaiah Hodgins,2025,12,8.08,WR
Xavier Legette,2025,12,8.0,WR
Van Jefferson,2025,12,7.77,WR
Jayden Higgins,2025,12,7.7,WR
Sterling Shepard,2025,12,7.5,WR
Greg Dortch,2025,12,7.43,WR
Olamide Zaccheaus,2025,12,7.24,WR
Gabe Davis,2025,12,7.18,WR
Xavier Hutchinson,2025,12,6.86,WR
Luther Burden III,2025,12,6.82,WR
Chimere Dike,2025,12,6.81,WR
Calvin Austin III,2025,12,6.71,WR
Jalen Nailor,2025,12,6.69,WR
Andrei Iosivas,2025,12,6.65,WR
Cedric Tillman,2025,12,6.65,WR
Tyquan Thornton,2025,12,6.49,WR
Christian Kirk,2025,12,6.47,WR
Josh Palmer,2025,12,6.33,WR
JuJu Smith-Schuster,2025,12,6.03,WR
Jalen Coker,2025,12,5.83,WR
Jaylin Noel,2025,12,5.59,WR
Dontayvion Wicks,2025,12,5.58,WR
Tyler Lockett,2025,12,5.57,WR
DeAndre Hopkins,2025,12,5.44,WR
Roman Wilson,2025,12,5.34,WR
KaVontae Turpin,2025,12,5.21,WR
John Metchie III,2025,12,4.77,WR
Adam Thielen,2025,12,4.76,WR
Allen Lazard,2025,12,4.71,WR
Demarcus Robinson,2025,12,4.66,WR
Tim Patrick,2025,12,4.65,WR
Devaughn Vele,2025,12,4.64,WR
Isaiah Bond,2025,12,4.53,WR
Adonai Mitchell,2025,12,4.51,WR
Jahan Dotson,2025,12,4.5,WR
Ryan Flournoy,2025,12,4.43,WR
Elijah Moore,2025,12,4.26,WR
Kyle Williams,2025,12,4.16,WR
Isaiah Williams,2025,12,4.1,WR
Austin Trammell,2025,12,4.03,WR
Dont'e Thornton Jr.,2025,12,3.98,WR
Jordan Whittington,2025,12,3.88,WR
Malachi Corley,2025,12,3.84,WR
Jimmy Horn Jr.,2025,12,3.73,WR
Kalif Raymond,2025,12,3.62,WR
Konata Mumpfield,2025,12,3.61,WR
Mitchell Tinsley,2025,12,3.5,WR
Dante Pettis,2025,12,3.34,WR
Isaac TeSlaa,2025,12,3.29,WR
Devontez Walker,2025,12,3.26,WR
Xavier Weaver,2025,12,3.24,WR
Mason Tipton,2025,12,3.24,WR
Brycen Tremayne,2025,12,2.78,WR
Savion Williams,2025,12,2.72,WR
Arian Smith,2025,12,2.58,WR
Xavier Restrepo,2025,12,2.57,WR
Mason Kinsey,2025,12,2.45,WR
Gage Larvadain,2025,12,2.31,WR
Ashton Dulin,2025,12,2.28,WR
David Sills,2025,12,2.27,WR
Kameron Johnson,2025,12,2.08,WR
Cody White,2025,12,1.95,WR
Dylan Drummond,2025,12,1.93,WR
Jake Bobo,2025,12,1.9,WR
Tylan Wallace,2025,12,1.89,WR
Skyy Moore,2025,12,1.61,WR
James Proche,2025,12,1.59,WR
Gunner Olszewski,2025,12,1.58,WR
Laquon Treadwell,2025,12,1.37,WR
Darius Cooper,2025,12,1.3,WR
Alex Bachman,2025,12,1.27,WR
Xavier Gipson,2025,12,1.24,WR
Devin Duvernay,2025,12,1.09,WR
Nikko Remigio,2025,12,1.09,WR
Anthony Gould,2025,12,0.94,WR
Ben Skowronek,2025,12,0.88,WR
Tai Felton,2025,12,0.81,WR
Jamal Agnew,2025,12,0.77,WR
Charlie Jones,2025,12,0.71,WR
LaJohntay Wester,2025,12,0.71,WR
Myles Price,2025,12,0.39,WR
Ke'Shawn Williams,2025,12,0.38,WR
ATL,2025,13,8.31,DEF
LA,2025,13,7.83,DEF
SEA,2025,13,7.79,DEF
DEN,2025,13,7.75,DEF
PHI,2025,13,7.64,DEF
CLE,2025,13,7.59,DEF
JAX,2025,13,7.49,DEF
LAC,2025,13,7.22,DEF
BAL,2025,13,7.2,DEF
BUF,2025,13,7.14,DEF
HOU,2025,13,6.97,DEF
SF,2025,13,6.84,DEF
TB,2025,13,6.7,DEF
NE,2025,13,6.65,DEF
MIA,2025,13,6.62,DEF
NO,2025,13,6.47,DEF
TEN,2025,13,6.47,DEF
PIT,2025,13,6.43,DEF
CHI,2025,13,6.4,DEF
WAS,2025,13,6.27,DEF
NYJ,2025,13,6.07,DEF
MIN,2025,13,6.01,DEF
IND,2025,13,5.86,DEF
GB,2025,13,5.74,DEF
DET,2025,13,5.58,DEF
ARI,2025,13,5.55,DEF
NYG,2025,13,5.44,DEF
LV,2025,13,5.32,DEF
DAL,2025,13,5.26,DEF
CIN,2025,13,5.18,DEF
KC,2025,13,5.09,DEF
CAR,2025,13,4.91,DEF
Chase McLaughlin,2025,13,9.66,K
Jake Bates,2025,13,9.22,K
Will Reichard,2025,13,9.02,K
Tyler Loop,2025,13,8.93,K
Cameron Dicker,2025,13,8.91,K
Jason Myers,2025,13,8.71,K
Jake Elliott,2025,13,8.67,K
Zane Gonzalez,2025,13,8.41,K
Chris Boswell,2025,13,8.34,K
Matt Gay,2025,13,8.34,K
Andy Borregales,2025,13,8.26,K
Younghoe Koo,2025,13,8.22,K
Brandon Aubrey,2025,13,8.21,K
Riley Patterson,2025,13,8.2,K
Mike Badgley,2025,13,8.17,K
Cam Little,2025,13,8.14,K
Cairo Santos,2025,13,8.07,K
Matt Prater,2025,13,7.96,K
Brandon McManus,2025,13,7.94,K
Chad Ryland,2025,13,7.63,K
Ka'imi Fairbairn,2025,13,7.6,K
Harrison Mevis,2025,13,7.56,K
Nick Folk,2025,13,7.55,K
Harrison Butker,2025,13,7.47,K
Jake Moody,2025,13,7.39,K
Wil Lutz,2025,13,7.27,K
Evan McPherson,2025,13,7.25,K
Joey Slye,2025,13,7.21,K
Daniel Carlson,2025,13,7.07,K
Ryan Fitzgerald,2025,13,7.0,K
Andre Szmyt,2025,13,6.99,K
Charlie Smyth,2025,13,6.98,K
Josh Allen,2025,13,20.78,QB
Dak Prescott,2025,13,20.02,QB
Jalen Hurts,2025,13,19.82,QB
Lamar Jackson,2025,13,19.53,QB
Patrick Mahomes,2025,13,18.88,QB
Matthew Stafford,2025,13,18.26,QB
Justin Herbert,2025,13,17.68,QB
Baker Mayfield,2025,13,17.51,QB
Jared Goff,2025,13,17.39,QB
Drake Maye,2025,13,17.08,QB
Bo Nix,2025,13,16.23,QB
Jaxson Dart,2025,13,16.15,QB
Daniel Jones,2025,13,16.12,QB
Brock Purdy,2025,13,15.84,QB
Caleb Williams,2025,13,15.58,QB
Aaron Rodgers,2025,13,15.1,QB
Sam Darnold,2025,13,15.09,QB
Joe Burrow,2025,13,14.73,QB
Jordan Love,2025,13,14.64,QB
Trevor Lawrence,2025,13,14.53,QB
Marcus Mariota,2025,13,14.24,QB
Tua Tagovailoa,2025,13,14.08,QB
C.J. Stroud,2025,13,13.96,QB
Jacoby Brissett,2025,13,13.9,QB
Cam Ward,2025,13,13.4,QB
Geno Smith,2025,13,13.05,QB
Tyrod Taylor,2025,13,12.45,QB
Kirk Cousins,2025,13,12.33,QB
Bryce Young,2025,13,11.93,QB
Tyler Shough,2025,13,10.42,QB
Mac Jones,2025,13,10.05,QB
Dillon Gabriel,2025,13,9.78,QB
Shedeur Sanders,2025,13,8.76,QB
Mason Rudolph,2025,13,8.15,QB
Trey Lance,2025,13,5.29,QB
Nick Mullens,2025,13,4.29,QB
Max Brosmer,2025,13,3.43,QB
Jahmyr Gibbs,2025,13,24.12,RB
Christian McCaffrey,2025,13,20.9,RB
De'Von Achane,2025,13,19.88,RB
Jonathan Taylor,2025,13,19.52,RB
Bucky Irving,2025,13,17.55,RB
Derrick Henry,2025,13,16.91,RB
Saquon Barkley,2025,13,16.87,RB
Bijan Robinson,2025,13,16.81,RB
James Cook,2025,13,15.47,RB
Chase Brown,2025,13,15.46,RB
TreVeyon Henderson,2025,13,15.15,RB
Breece Hall,2025,13,15.12,RB
Ashton Jeanty,2025,13,14.6,RB
Kenneth Walker III,2025,13,13.95,RB
Kyren Williams,2025,13,13.94,RB
Josh Jacobs,2025,13,13.93,RB
Travis Etienne,2025,13,13.74,RB
Rico Dowdle,2025,13,13.34,RB
Javonte Williams,2025,13,13.32,RB
Kareem Hunt,2025,13,13.04,RB
Tyrone Tracy Jr.,2025,13,12.79,RB
Jaylen Warren,2025,13,12.47,RB
Kenneth Gainwell,2025,13,12.46,RB
Quinshon Judkins,2025,13,12.41,RB
D'Andre Swift,2025,13,11.73,RB
Aaron Jones,2025,13,11.15,RB
Tony Pollard,2025,13,10.95,RB
Rachaad White,2025,13,10.74,RB
Emanuel Wilson,2025,13,10.69,RB
Woody Marks,2025,13,10.37,RB
Sean Tucker,2025,13,10.32,RB
Isiah Pacheco,2025,13,9.67,RB
Kyle Monangai,2025,13,9.22,RB
Rhamondre Stevenson,2025,13,9.21,RB
Zach Charbonnet,2025,13,9.06,RB
RJ Harvey,2025,13,8.78,RB
David Montgomery,2025,13,8.71,RB
Kimani Vidal,2025,13,8.59,RB
Devin Singletary,2025,13,8.51,RB
Chris Rodriguez Jr.,2025,13,8.5,RB
Tyjae Spears,2025,13,8.45,RB
Bam Knight,2025,13,8.23,RB
Michael Carter,2025,13,7.9,RB
Chuba Hubbard,2025,13,7.61,RB
Dylan Sampson,2025,13,7.6,RB
Jacory Croskey-Merritt,2025,13,7.54,RB
Jordan Mason,2025,13,7.26,RB
Tyler Allgeier,2025,13,6.97,RB
Ollie Gordon II,2025,13,6.2,RB
Devin Neal,2025,13,6.13,RB
Brian Robinson,2025,13,5.94,RB
Ty Johnson,2025,13,5.7,RB
Jeremy McNichols,2025,13,5.64,RB
Nick Chubb,2025,13,5.52,RB
Jaleel McLaughlin,2025,13,5.49,RB
Bhayshul Tuten,2025,13,5.48,RB
Blake Corum,2025,13,5.27,RB
Samaje Perine,2025,13,4.97,RB
Brashard Smith,2025,13,4.92,RB
Isaiah Davis,2025,13,4.81,RB
Keaton Mitchell,2025,13,4.59,RB
Jaret Patterson,2025,13,4.33,RB
Chris Brooks,2025,13,4.31,RB
Raheem Mostert,2025,13,4.24,RB
Zavier Scott,2025,13,3.95,RB
Terrell Jennings,2025,13,3.62,RB
Jerome Ford,2025,13,3.51,RB
Kaleb Johnson,2025,13,3.45,RB
Myles Gaskin,2025,13,3.32,RB
Evan Hull,2025,13,3.27,RB
Tyler Badie,2025,13,2.9,RB
Jaylen Wright,2025,13,2.85,RB
Malik Davis,2025,13,2.84,RB
Rasheen Ali,2025,13,2.84,RB
Ronnie Rivers,2025,13,2.73,RB
Will Shipley,2025,13,2.65,RB
Ameer Abdullah,2025,13,2.57,RB
Ray Davis,2025,13,2.41,RB
LeQuint Allen Jr.,2025,13,2.22,RB
Julius Chestnut,2025,13,2.11,RB
Adam Prentice,2025,13,2.06,RB
Sione Vaki,2025,13,1.95,RB
Trevor Etienne,2025,13,1.9,RB
Travis Homer,2025,13,1.89,RB
Dare Ogunbowale,2025,13,1.8,RB
Tyler Goodson,2025,13,1.67,RB
Andrew Beck,2025,13,1.62,RB
Gary Brightwell,2025,13,1.35,RB
Dylan Laube,2025,13,1.18,RB
Isaac Guerendo,2025,13,0.83,RB
Brock Bowers,2025,13,14.92,TE
Trey McBride,2025,13,14.3,TE
Tyler Warren,2025,13,13.72,TE
Travis Kelce,2025,13,13.53,TE
George Kittle,2025,13,13.1,TE
Oronde Gadsden II,2025,13,11.28,TE
Cade Otton,2025,13,11.06,TE
Hunter Henry,2025,13,10.71,TE
Harold Fannin Jr.,2025,13,10.57,TE
Zach Ertz,2025,13,10.2,TE
Jake Ferguson,2025,13,10.1,TE
Dallas Goedert,2025,13,9.95,TE
Juwan Johnson,2025,13,9.47,TE
Evan Engram,2025,13,9.4,TE
T.J. Hockenson,2025,13,9.21,TE
Mark Andrews,2025,13,9.18,TE
Kyle Pitts,2025,13,9.13,TE
David Njoku,2025,13,8.95,TE
Dalton Schultz,2025,13,8.89,TE
Darren Waller,2025,13,8.79,TE
Brenton Strange,2025,13,8.41,TE
Mason Taylor,2025,13,8.18,TE
Theo Johnson,2025,13,8.14,TE
AJ Barner,2025,13,7.92,TE
Jonnu Smith,2025,13,7.68,TE
Chig Okonkwo,2025,13,7.62,TE
Gunnar Helm,2025,13,7.5,TE
Noah Fant,2025,13,7.42,TE
Isaiah Likely,2025,13,7.31,TE
Colston Loveland,2025,13,7.26,TE
Mike Gesicki,2025,13,6.79,TE
Greg Dulcich,2025,13,6.34,TE
Colby Parkinson,2025,13,6.28,TE
Terrance Ferguson,2025,13,5.41,TE
Ja'Tavion Sanders,2025,13,5.2,TE
Taysom Hill,2025,13,5.13,TE
Darnell Washington,2025,13,5.05,TE
Dawson Knox,2025,13,4.94,TE
Tommy Tremble,2025,13,4.94,TE
Cole Kmet,2025,13,4.74,TE
Elijah Arroyo,2025,13,4.63,TE
Jeremy Ruckert,2025,13,4.44,TE
Tanner Hudson,2025,13,3.96,TE
Cade Stover,2025,13,3.95,TE
Julian Hill,2025,13,3.94,TE
John Bates,2025,13,3.93,TE
Luke Musgrave,2025,13,3.87,TE
Ian Thomas,2025,13,3.79,TE
Jackson Hawes,2025,13,3.74,TE
Luke Schoonmaker,2025,13,3.69,TE
Davis Allen,2025,13,3.67,TE
Mitchell Evans,2025,13,3.59,TE
Devin Culp,2025,13,3.52,TE
Josh Whyle,2025,13,3.34,TE
Foster Moreau,2025,13,3.19,TE
Elijah Higgins,2025,13,3.08,TE
Charlie Kolar,2025,13,2.87,TE
Drew Sample,2025,13,2.8,TE
Adam Trautman,2025,13,2.72,TE
Anthony Firkser,2025,13,2.35,TE
John FitzPatrick,2025,13,2.31,TE
Luke Farrell,2025,13,2.07,TE
Jared Wiley,2025,13,1.95,TE
Nick Kallerup,2025,13,1.93,TE
Quintin Morris,2025,13,1.91,TE
Andrew Ogletree,2025,13,1.91,TE
Brevyn Spann-Ford,2025,13,1.9,TE
Payne Durham,2025,13,1.87,TE
Blake Whiteheart,2025,13,1.68,TE
Ross Dwelley,2025,13,1.6,TE
Colson Yankoff,2025,13,1.44,TE
Cameron Latu,2025,13,1.23,TE
David Martin-Robinson,2025,13,1.03,TE
Ja'Marr Chase,2025,13,19.33,WR
Puka Nacua,2025,13,18.86,WR
Amon-Ra St. Brown,2025,13,18.04,WR
CeeDee Lamb,2025,13,17.73,WR
Jaxon Smith-Njigba,2025,13,15.62,WR
Rashee Rice,2025,13,15.54,WR
Justin Jefferson,2025,13,15.46,WR
Nico Collins,2025,13,15.12,WR
George Pickens,2025,13,15.0,WR
Zay Flowers,2025,13,14.77,WR
DeVonta Smith,2025,13,14.48,WR
A.J. Brown,2025,13,14.42,WR
Ladd McConkey,2025,13,14.33,WR
Emeka Egbuka,2025,13,14.24,WR
Davante Adams,2025,13,13.97,WR
Wan'Dale Robinson,2025,13,13.89,WR
Jaylen Waddle,2025,13,13.77,WR
DK Metcalf,2025,13,13.62,WR
Tetairoa McMillan,2025,13,13.59,WR
Chris Olave,2025,13,13.23,WR
Brian Thomas Jr.,2025,13,13.2,WR
Keenan Allen,2025,13,13.14,WR
Michael Pittman,2025,13,12.96,WR
Stefon Diggs,2025,13,12.9,WR
Deebo Samuel Sr.,2025,13,12.39,WR
Khalil Shakir,2025,13,12.2,WR
Marvin Harrison Jr.,2025,13,12.1,WR
Jakobi Meyers,2025,13,12.09,WR
Alec Pierce,2025,13,11.96,WR
Terry McLaurin,2025,13,11.93,WR
Chris Godwin Jr.,2025,13,11.82,WR
DJ Moore,2025,13,11.78,WR
Courtland Sutton,2025,13,11.59,WR
Jerry Jeudy,2025,13,11.5,WR
Troy Franklin,2025,13,11.46,WR
Rome Odunze,2025,13,11.27,WR
Jameson Williams,2025,13,11.07,WR
Jauan Jennings,2025,13,11.01,WR
Michael Wilson,2025,13,10.92,WR
Xavier Worthy,2025,13,10.69,WR
Quentin Johnston,2025,13,10.67,WR
Romeo Doubs,2025,13,10.22,WR
Darnell Mooney,2025,13,10.17,WR
Christian Watson,2025,13,9.86,WR
Rashid Shaheed,2025,13,9.75,WR
Tre Tucker,2025,13,9.71,WR
Ricky Pearsall,2025,13,9.64,WR
Cooper Kupp,2025,13,9.5,WR
Parker Washington,2025,13,9.37,WR
Jordan Addison,2025,13,9.21,WR
Josh Downs,2025,13,9.19,WR
Tez Johnson,2025,13,8.9,WR
Jayden Higgins,2025,13,8.56,WR
Kayshon Boutte,2025,13,8.52,WR
Keon Coleman,2025,13,8.49,WR
Greg Dortch,2025,13,8.29,WR
DeMario Douglas,2025,13,8.27,WR
Isaiah Hodgins,2025,13,8.21,WR
Kendrick Bourne,2025,13,8.04,WR
Xavier Legette,2025,13,7.93,WR
Malik Washington,2025,13,7.93,WR
Chimere Dike,2025,13,7.84,WR
Sterling Shepard,2025,13,7.75,WR
John Metchie III,2025,13,7.7,WR
Mack Hollins,2025,13,7.64,WR
Elic Ayomanor,2025,13,7.64,WR
Darius Slayton,2025,13,7.52,WR
Marquise Brown,2025,13,7.5,WR
Andrei Iosivas,2025,13,7.5,WR
Calvin Austin III,2025,13,7.45,WR
Luther Burden III,2025,13,7.06,WR
Xavier Restrepo,2025,13,6.93,WR
Jalen Coker,2025,13,6.74,WR
Cedric Tillman,2025,13,6.58,WR
Pat Bryant,2025,13,6.54,WR
Tyler Lockett,2025,13,6.28,WR
Rashod Bateman,2025,13,6.21,WR
DeAndre Hopkins,2025,13,6.0,WR
Jalen Nailor,2025,13,5.97,WR
Lil'Jordan Humphrey,2025,13,5.9,WR
Dylan Drummond,2025,13,5.79,WR
Mitchell Tinsley,2025,13,5.71,WR
Dontayvion Wicks,2025,13,5.7,WR
Marvin Mims Jr.,2025,13,5.7,WR
Gabe Davis,2025,13,5.68,WR
Treylon Burks,2025,13,5.62,WR
Isaiah Bond,2025,13,5.61,WR
Van Jefferson,2025,13,5.59,WR
Devaughn Vele,2025,13,5.55,WR
Olamide Zaccheaus,2025,13,5.48,WR
Adonai Mitchell,2025,13,5.46,WR
KaVontae Turpin,2025,13,5.37,WR
Roman Wilson,2025,13,5.1,WR
Tyquan Thornton,2025,13,5.05,WR
Allen Lazard,2025,13,4.83,WR
JuJu Smith-Schuster,2025,13,4.79,WR
Xavier Hutchinson,2025,13,4.77,WR
James Proche,2025,13,4.73,WR
Tim Patrick,2025,13,4.45,WR
Jaylin Lane,2025,13,4.44,WR
Dont'e Thornton Jr.,2025,13,4.36,WR
Tre Harris,2025,13,4.32,WR
Nick Westbrook-Ikhine,2025,13,4.27,WR
Jalen Tolbert,2025,13,4.26,WR
Brandin Cooks,2025,13,4.17,WR
Jaylin Noel,2025,13,4.09,WR
Kyle Williams,2025,13,4.08,WR
Demarcus Robinson,2025,13,4.04,WR
Jordan Whittington,2025,13,4.04,WR
Ryan Flournoy,2025,13,3.99,WR
Austin Trammell,2025,13,3.91,WR
Mason Tipton,2025,13,3.86,WR
Devontez Walker,2025,13,3.84,WR
Malachi Corley,2025,13,3.74,WR
Malik Heath,2025,13,3.7,WR
David Sills,2025,13,3.68,WR
Xavier Weaver,2025,13,3.48,WR
Jahan Dotson,2025,13,3.47,WR
Konata Mumpfield,2025,13,3.37,WR
Jack Bech,2025,13,3.15,WR
Dante Pettis,2025,13,2.97,WR
Cedrick Wilson Jr.,2025,13,2.89,WR
Isaac TeSlaa,2025,13,2.87,WR
Cody White,2025,13,2.84,WR
Xavier Smith,2025,13,2.72,WR
Isaiah Williams,2025,13,2.64,WR
Britain Covey,2025,13,2.54,WR
Brycen Tremayne,2025,13,2.49,WR
Tom Kennedy,2025,13,2.41,WR
Andre Baccellia,2025,13,2.29,WR
Derius Davis,2025,13,1.99,WR
Ben Skowronek,2025,13,1.93,WR
Gage Larvadain,2025,13,1.81,WR
Ryan Miller,2025,13,1.68,WR
Deven Thompkins,2025,13,1.6,WR
Gunner Olszewski,2025,13,1.55,WR
Charlie Jones,2025,13,1.53,WR
Kameron Johnson,2025,13,1.48,WR
Skyy Moore,2025,13,1.28,WR
Devin Duvernay,2025,13,1.18,WR
Anthony Gould,2025,13,1.13,WR
Laquon Treadwell,2025,13,1.12,WR
Nikko Remigio,2025,13,1.08,WR
Tai Felton,2025,13,0.9,WR
Efton Chism III,2025,13,0.81,WR
Jamal Agnew,2025,13,0.74,WR
Alex Bachman,2025,13,0.74,WR
Ke'Shawn Williams,2025,13,0.7,WR
Myles Price,2025,13,0.41,WR
DEN,2025,14,7.93,DEF
LA,2025,14,7.9,DEF
PHI,2025,14,7.87,DEF
SEA,2025,14,7.2,DEF
LAC,2025,14,7.17,DEF
CLE,2025,14,7.03,DEF
MIA,2025,14,6.88,DEF
BAL,2025,14,6.77,DEF
GB,2025,14,6.75,DEF
JAX,2025,14,6.7,DEF
HOU,2025,14,6.66,DEF
KC,2025,14,6.66,DEF
CHI,2025,14,6.56,DEF
TB,2025,14,6.53,DEF
TEN,2025,14,6.45,DEF
PIT,2025,14,6.32,DEF
BUF,2025,14,6.21,DEF
NYJ,2025,14,6.21,DEF
IND,2025,14,6.1,DEF
MIN,2025,14,6.1,DEF
NO,2025,14,5.78,DEF
ATL,2025,14,5.74,DEF
CIN,2025,14,5.63,DEF
WAS,2025,14,5.53,DEF
LV,2025,14,5.39,DEF
DAL,2025,14,5.14,DEF
DET,2025,14,5.08,DEF
ARI,2025,14,4.56,DEF
Chase McLaughlin,2025,14,9.64,K
Jake Bates,2025,14,9.48,K
Will Reichard,2025,14,9.42,K
Chris Boswell,2025,14,9.19,K
Cameron Dicker,2025,14,8.64,K
Tyler Loop,2025,14,8.6,K
Brandon McManus,2025,14,8.49,K
Zane Gonzalez,2025,14,8.49,K
Cam Little,2025,14,8.44,K
Matt Prater,2025,14,8.42,K
Jake Elliott,2025,14,8.13,K
Chad Ryland,2025,14,8.12,K
Jake Moody,2025,14,8.06,K
Harrison Butker,2025,14,8.02,K
Brandon Aubrey,2025,14,7.95,K
Cairo Santos,2025,14,7.93,K
Jason Myers,2025,14,7.91,K
Wil Lutz,2025,14,7.82,K
Ka'imi Fairbairn,2025,14,7.78,K
Daniel Carlson,2025,14,7.72,K
Harrison Mevis,2025,14,7.68,K
Nick Folk,2025,14,7.64,K
Andre Szmyt,2025,14,7.52,K
Blake Grupe,2025,14,7.43,K
Riley Patterson,2025,14,7.3,K
Evan McPherson,2025,14,7.16,K
Joey Slye,2025,14,6.9,K
Charlie Smyth,2025,14,6.77,K
Josh Allen,2025,14,23.42,QB
Jayden Daniels,2025,14,20.11,QB
Jared Goff,2025,14,19.36,QB
Jalen Hurts,2025,14,19.18,QB
Lamar Jackson,2025,14,18.93,QB
Patrick Mahomes,2025,14,18.56,QB
Dak Prescott,2025,14,18.19,QB
Baker Mayfield,2025,14,17.4,QB
Justin Herbert,2025,14,16.39,QB
Bo Nix,2025,14,16.24,QB
Matthew Stafford,2025,14,16.04,QB
Joe Burrow,2025,14,15.52,QB
Jordan Love,2025,14,15.07,QB
Trevor Lawrence,2025,14,14.96,QB
Jacoby Brissett,2025,14,14.88,QB
Daniel Jones,2025,14,14.61,QB
Caleb Williams,2025,14,14.6,QB
Marcus Mariota,2025,14,14.24,QB
Kirk Cousins,2025,14,14.05,QB
Sam Darnold,2025,14,13.97,QB
Tyrod Taylor,2025,14,13.56,QB
Aaron Rodgers,2025,14,13.51,QB
C.J. Stroud,2025,14,13.29,QB
Geno Smith,2025,14,12.86,QB
Tua Tagovailoa,2025,14,12.61,QB
Cam Ward,2025,14,11.99,QB
J.J. McCarthy,2025,14,10.64,QB
Tyler Shough,2025,14,10.29,QB
Shedeur Sanders,2025,14,8.88,QB
Brady Cook,2025,14,7.83,QB
Jimmy Garoppolo,2025,14,5.63,QB
Kenny Pickett,2025,14,5.51,QB
Zach Wilson,2025,14,4.06,QB
Drew Lock,2025,14,3.23,QB
Nick Mullens,2025,14,3.21,QB
Riley Leonard,2025,14,2.98,QB
Jahmyr Gibbs,2025,14,23.83,RB
Bijan Robinson,2025,14,20.53,RB
De'Von Achane,2025,14,19.3,RB
Jonathan Taylor,2025,14,18.77,RB
James Cook,2025,14,17.34,RB
Bucky Irving,2025,14,16.7,RB
Josh Jacobs,2025,14,16.19,RB
Derrick Henry,2025,14,15.88,RB
Ashton Jeanty,2025,14,15.13,RB
Breece Hall,2025,14,14.94,RB
Chase Brown,2025,14,14.94,RB
Omarion Hampton,2025,14,14.9,RB
Saquon Barkley,2025,14,14.54,RB
Kyren Williams,2025,14,13.94,RB
Kenneth Walker III,2025,14,13.73,RB
Quinshon Judkins,2025,14,13.46,RB
D'Andre Swift,2025,14,13.37,RB
Travis Etienne,2025,14,13.06,RB
Javonte Williams,2025,14,12.86,RB
Kareem Hunt,2025,14,12.68,RB
Kimani Vidal,2025,14,10.97,RB
Kenneth Gainwell,2025,14,10.93,RB
Jaylen Warren,2025,14,10.9,RB
Aaron Jones,2025,14,10.86,RB
Kyle Monangai,2025,14,10.48,RB
Bam Knight,2025,14,10.33,RB
Tony Pollard,2025,14,10.23,RB
Woody Marks,2025,14,10.09,RB
RJ Harvey,2025,14,10.05,RB
Zach Charbonnet,2025,14,9.26,RB
Michael Carter,2025,14,9.11,RB
Rachaad White,2025,14,9.09,RB
David Montgomery,2025,14,9.0,RB
Devin Neal,2025,14,8.9,RB
Tyjae Spears,2025,14,8.16,RB
Isiah Pacheco,2025,14,7.42,RB
Jordan Mason,2025,14,7.27,RB
Tyler Allgeier,2025,14,7.26,RB
Blake Corum,2025,14,7.24,RB
Samaje Perine,2025,14,7.07,RB
Emanuel Wilson,2025,14,7.07,RB
Chris Rodriguez Jr.,2025,14,6.98,RB
Ty Johnson,2025,14,6.48,RB
Dylan Sampson,2025,14,6.34,RB
Jacory Croskey-Merritt,2025,14,6.34,RB
Bhayshul Tuten,2025,14,6.31,RB
Sean Tucker,2025,14,6.14,RB
Jeremy McNichols,2025,14,5.63,RB
Jaleel McLaughlin,2025,14,5.47,RB
Nick Chubb,2025,14,5.21,RB
Keaton Mitchell,2025,14,5.2,RB
Audric Estimé,2025,14,5.2,RB
Ray Davis,2025,14,4.51,RB
Khalil Herbert,2025,14,4.34,RB
Jerome Ford,2025,14,4.32,RB
Tank Bigsby,2025,14,4.21,RB
Brashard Smith,2025,14,4.18,RB
Raheem Mostert,2025,14,4.11,RB
Zavier Scott,2025,14,4.03,RB
Chris Brooks,2025,14,3.83,RB
Ollie Gordon II,2025,14,3.77,RB
Isaiah Davis,2025,14,3.72,RB
Tyler Badie,2025,14,3.43,RB
Jaylen Wright,2025,14,3.39,RB
Malik Davis,2025,14,3.37,RB
Kaleb Johnson,2025,14,3.13,RB
Evan Hull,2025,14,3.11,RB
Hassan Haskins,2025,14,3.01,RB
Rasheen Ali,2025,14,2.67,RB
Adam Prentice,2025,14,2.45,RB
Will Shipley,2025,14,2.44,RB
Hunter Luepke,2025,14,2.18,RB
Ameer Abdullah,2025,14,2.06,RB
Ronnie Rivers,2025,14,1.96,RB
LeQuint Allen Jr.,2025,14,1.84,RB
Sione Vaki,2025,14,1.68,RB
Dare Ogunbowale,2025,14,1.62,RB
Andrew Beck,2025,14,1.59,RB
Julius Chestnut,2025,14,1.47,RB
British Brooks,2025,14,1.46,RB
Dylan Laube,2025,14,1.35,RB
Travis Homer,2025,14,1.06,RB
Jacob Saylors,2025,14,1.04,RB
Robbie Ouzts,2025,14,0.79,RB
Kene Nwangwu,2025,14,0.56,RB
Velus Jones Jr.,2025,14,0.34,RB
Brock Bowers,2025,14,15.17,TE
Trey McBride,2025,14,13.85,TE
Travis Kelce,2025,14,13.3,TE
Tyler Warren,2025,14,12.18,TE
Harold Fannin Jr.,2025,14,10.86,TE
Zach Ertz,2025,14,10.09,TE
Juwan Johnson,2025,14,9.87,TE
Oronde Gadsden II,2025,14,9.8,TE
Dalton Schultz,2025,14,9.78,TE
Mark Andrews,2025,14,9.75,TE
Jake Ferguson,2025,14,9.6,TE
Dallas Goedert,2025,14,9.58,TE
Evan Engram,2025,14,9.35,TE
Dalton Kincaid,2025,14,9.29,TE
Cade Otton,2025,14,9.24,TE
Kyle Pitts,2025,14,9.14,TE
Darren Waller,2025,14,9.01,TE
T.J. Hockenson,2025,14,8.89,TE
David Njoku,2025,14,8.8,TE
Isaiah Likely,2025,14,8.42,TE
AJ Barner,2025,14,8.37,TE
Gunnar Helm,2025,14,8.11,TE
Chig Okonkwo,2025,14,8.04,TE
Colston Loveland,2025,14,7.82,TE
Brenton Strange,2025,14,7.67,TE
Mason Taylor,2025,14,7.57,TE
Jonnu Smith,2025,14,7.43,TE
Pat Freiermuth,2025,14,7.39,TE
Colby Parkinson,2025,14,6.85,TE
Dawson Knox,2025,14,6.4,TE
Noah Fant,2025,14,6.35,TE
Greg Dulcich,2025,14,6.3,TE
Mike Gesicki,2025,14,6.19,TE
Darnell Washington,2025,14,5.61,TE
Cole Kmet,2025,14,5.4,TE
Terrance Ferguson,2025,14,5.01,TE
Taysom Hill,2025,14,4.4,TE
Noah Gray,2025,14,4.39,TE
Jeremy Ruckert,2025,14,4.32,TE
Jackson Hawes,2025,14,4.19,TE
Elijah Arroyo,2025,14,3.99,TE
Tanner Hudson,2025,14,3.89,TE
Luke Musgrave,2025,14,3.75,TE
John Bates,2025,14,3.51,TE
Foster Moreau,2025,14,3.42,TE
Luke Schoonmaker,2025,14,3.42,TE
Josh Oliver,2025,14,3.34,TE
Elijah Higgins,2025,14,3.24,TE
Mo Alie-Cox,2025,14,3.19,TE
Ian Thomas,2025,14,3.09,TE
Adam Trautman,2025,14,3.09,TE
Davis Allen,2025,14,3.03,TE
Anthony Firkser,2025,14,2.99,TE
Josh Whyle,2025,14,2.91,TE
Will Dissly,2025,14,2.89,TE
Ross Dwelley,2025,14,2.83,TE
Kylen Granson,2025,14,2.8,TE
Stone Smartt,2025,14,2.72,TE
Charlie Kolar,2025,14,2.6,TE
Jack Stoll,2025,14,2.29,TE
Ben Sinnott,2025,14,2.27,TE
Durham Smythe,2025,14,2.26,TE
Quintin Morris,2025,14,2.26,TE
Ben Sims,2025,14,2.24,TE
John FitzPatrick,2025,14,2.13,TE
Andrew Ogletree,2025,14,1.95,TE
Colson Yankoff,2025,14,1.91,TE
Brevyn Spann-Ford,2025,14,1.83,TE
Payne Durham,2025,14,1.78,TE
Pharaoh Brown,2025,14,1.71,TE
Josiah Deguara,2025,14,1.62,TE
Blake Whiteheart,2025,14,1.47,TE
Connor Heyward,2025,14,1.32,TE
Feleipe Franks,2025,14,0.85,TE
Cameron Latu,2025,14,0.75,TE
David Martin-Robinson,2025,14,0.71,TE
Puka Nacua,2025,14,19.72,WR
Ja'Marr Chase,2025,14,19.44,WR
Amon-Ra St. Brown,2025,14,17.33,WR
Rashee Rice,2025,14,17.24,WR
CeeDee Lamb,2025,14,17.03,WR
Jaxon Smith-Njigba,2025,14,15.86,WR
Justin Jefferson,2025,14,15.75,WR
A.J. Brown,2025,14,15.19,WR
Nico Collins,2025,14,14.87,WR
George Pickens,2025,14,14.7,WR
Davante Adams,2025,14,14.68,WR
Emeka Egbuka,2025,14,14.54,WR
DeVonta Smith,2025,14,14.49,WR
Zay Flowers,2025,14,14.24,WR
Tee Higgins,2025,14,13.79,WR
Chris Olave,2025,14,13.78,WR
Ladd McConkey,2025,14,13.42,WR
Terry McLaurin,2025,14,13.35,WR
Jaylen Waddle,2025,14,13.15,WR
DK Metcalf,2025,14,12.88,WR
Brian Thomas Jr.,2025,14,12.49,WR
Jakobi Meyers,2025,14,12.31,WR
Michael Wilson,2025,14,12.24,WR
Courtland Sutton,2025,14,12.2,WR
Keenan Allen,2025,14,12.05,WR
Jameson Williams,2025,14,12.02,WR
Chris Godwin Jr.,2025,14,11.99,WR
Deebo Samuel Sr.,2025,14,11.86,WR
DJ Moore,2025,14,11.77,WR
Jordan Addison,2025,14,11.69,WR
Michael Pittman,2025,14,11.51,WR
Khalil Shakir,2025,14,11.39,WR
Christian Watson,2025,14,11.12,WR
Alec Pierce,2025,14,11.1,WR
Jayden Reed,2025,14,11.04,WR
Xavier Worthy,2025,14,10.58,WR
Quentin Johnston,2025,14,10.46,WR
Adonai Mitchell,2025,14,10.18,WR
Jerry Jeudy,2025,14,10.03,WR
Troy Franklin,2025,14,10.02,WR
Romeo Doubs,2025,14,9.85,WR
Keon Coleman,2025,14,9.64,WR
Darnell Mooney,2025,14,9.57,WR
Cooper Kupp,2025,14,9.29,WR
Rashid Shaheed,2025,14,9.0,WR
Josh Downs,2025,14,8.54,WR
Tre Tucker,2025,14,8.48,WR
Marquise Brown,2025,14,8.29,WR
Matthew Golden,2025,14,8.12,WR
John Metchie III,2025,14,7.99,WR
Devaughn Vele,2025,14,7.93,WR
Jayden Higgins,2025,14,7.91,WR
Luther Burden III,2025,14,7.86,WR
Christian Kirk,2025,14,7.49,WR
Sterling Shepard,2025,14,7.45,WR
Tyrell Shavers,2025,14,7.37,WR
Malik Washington,2025,14,7.23,WR
Elic Ayomanor,2025,14,7.12,WR
Andrei Iosivas,2025,14,7.11,WR
Pat Bryant,2025,14,7.1,WR
Chimere Dike,2025,14,6.6,WR
Olamide Zaccheaus,2025,14,6.52,WR
Calvin Austin III,2025,14,6.51,WR
Tyler Lockett,2025,14,6.26,WR
Marvin Mims Jr.,2025,14,6.18,WR
KaVontae Turpin,2025,14,5.81,WR
Xavier Hutchinson,2025,14,5.71,WR
DeAndre Hopkins,2025,14,5.64,WR
Tom Kennedy,2025,14,5.57,WR
Tre Harris,2025,14,5.49,WR
Noah Brown,2025,14,5.43,WR
Van Jefferson,2025,14,5.43,WR
Treylon Burks,2025,14,5.26,WR
David Sills,2025,14,5.21,WR
Xavier Smith,2025,14,5.13,WR
Adam Thielen,2025,14,5.03,WR
Isaiah Bond,2025,14,4.87,WR
Cedric Tillman,2025,14,4.86,WR
Gabe Davis,2025,14,4.82,WR
Dylan Drummond,2025,14,4.79,WR
Rashod Bateman,2025,14,4.67,WR
Tyquan Thornton,2025,14,4.49,WR
Allen Lazard,2025,14,4.35,WR
Jack Bech,2025,14,4.3,WR
Jalen Nailor,2025,14,4.21,WR
Jonathan Mingo,2025,14,4.2,WR
JuJu Smith-Schuster,2025,14,4.19,WR
Ryan Flournoy,2025,14,4.16,WR
Marquez Valdes-Scantling,2025,14,3.94,WR
Austin Trammell,2025,14,3.91,WR
Isaac TeSlaa,2025,14,3.9,WR
Lil'Jordan Humphrey,2025,14,3.81,WR
Tim Patrick,2025,14,3.79,WR
Jahan Dotson,2025,14,3.68,WR
Mason Tipton,2025,14,3.61,WR
Jaylin Lane,2025,14,3.34,WR
Malachi Corley,2025,14,3.32,WR
Jordan Whittington,2025,14,3.31,WR
Darius Cooper,2025,14,3.29,WR
James Proche,2025,14,3.24,WR
Jaylin Noel,2025,14,3.14,WR
DJ Turner,2025,14,3.11,WR
Nick Westbrook-Ikhine,2025,14,2.99,WR
Gage Larvadain,2025,14,2.91,WR
Deven Thompkins,2025,14,2.78,WR
Trent Sherfield,2025,14,2.7,WR
Cody White,2025,14,2.65,WR
Shedrick Jackson,2025,14,2.59,WR
Isaiah Williams,2025,14,2.57,WR
Jalen Brooks,2025,14,2.53,WR
Konata Mumpfield,2025,14,2.35,WR
Dante Pettis,2025,14,2.02,WR
Andre Baccellia,2025,14,1.91,WR
Ryan Miller,2025,14,1.63,WR
Malik Cunningham,2025,14,1.59,WR
Dee Eskridge,2025,14,1.56,WR
Britain Covey,2025,14,1.55,WR
Ben Skowronek,2025,14,1.51,WR
Derius Davis,2025,14,1.47,WR
Kameron Johnson,2025,14,1.36,WR
Jamal Agnew,2025,14,1.28,WR
Anthony Gould,2025,14,1.02,WR
Laquon Treadwell,2025,14,1.0,WR
Charlie Jones,2025,14,0.99,WR
Tai Felton,2025,14,0.78,WR
Devin Duvernay,2025,14,0.72,WR
LaJohntay Wester,2025,14,0.66,WR
Myles Price,2025,14,0.49,WR
JAX,2025,15,9.14,DEF
SEA,2025,15,9.04,DEF
HOU,2025,15,8.34,DEF
PHI,2025,15,8.24,DEF
LAC,2025,15,7.58,DEF
CHI,2025,15,7.26,DEF
SF,2025,15,7.22,DEF
KC,2025,15,6.88,DEF
GB,2025,15,6.75,DEF
DEN,2025,15,6.73,DEF
CAR,2025,15,6.72,DEF
PIT,2025,15,6.58,DEF
MIA,2025,15,6.47,DEF
BAL,2025,15,6.36,DEF
NE,2025,15,6.32,DEF
CLE,2025,15,6.31,DEF
LA,2025,15,6.24,DEF
IND,2025,15,6.2,DEF
BUF,2025,15,6.19,DEF
DAL,2025,15,6.11,DEF
NYJ,2025,15,6.06,DEF
WAS,2025,15,5.92,DEF
NO,2025,15,5.88,DEF
NYG,2025,15,5.85,DEF
MIN,2025,15,5.76,DEF
TB,2025,15,5.72,DEF
CIN,2025,15,5.67,DEF
LV,2025,15,5.6,DEF
ARI,2025,15,5.56,DEF
ATL,2025,15,5.14,DEF
TEN,2025,15,4.91,DEF
DET,2025,15,4.83,DEF
Chase McLaughlin,2025,15,9.17,K
Ka'imi Fairbairn,2025,15,8.88,K
Jake Bates,2025,15,8.85,K
Younghoe Koo,2025,15,8.76,K
Evan McPherson,2025,15,8.73,K
Eddy Pineiro,2025,15,8.72,K
Jason Myers,2025,15,8.7,K
Will Reichard,2025,15,8.63,K
Cam Little,2025,15,8.59,K
Jake Elliott,2025,15,8.52,K
Harrison Butker,2025,15,8.42,K
Zane Gonzalez,2025,15,8.37,K
Chris Boswell,2025,15,8.29,K
Cairo Santos,2025,15,8.27,K
Brandon Aubrey,2025,15,8.27,K
Harrison Mevis,2025,15,8.15,K
Andy Borregales,2025,15,8.13,K
Jake Moody,2025,15,8.03,K
Cameron Dicker,2025,15,7.97,K
Wil Lutz,2025,15,7.94,K
Tyler Loop,2025,15,7.84,K
Brandon McManus,2025,15,7.73,K
Nick Folk,2025,15,7.69,K
Matt Prater,2025,15,7.68,K
Blake Grupe,2025,15,7.59,K
Chad Ryland,2025,15,7.55,K
Daniel Carlson,2025,15,7.41,K
Joey Slye,2025,15,7.32,K
Riley Patterson,2025,15,7.31,K
Andre Szmyt,2025,15,7.04,K
Ryan Fitzgerald,2025,15,7.03,K
Charlie Smyth,2025,15,6.48,K
Josh Allen,2025,15,22.67,QB
Lamar Jackson,2025,15,19.79,QB
Matthew Stafford,2025,15,19.62,QB
Patrick Mahomes,2025,15,18.87,QB
Jalen Hurts,2025,15,18.36,QB
Baker Mayfield,2025,15,18.28,QB
Dak Prescott,2025,15,18.2,QB
Joe Burrow,2025,15,17.84,QB
Jaxson Dart,2025,15,17.21,QB
Caleb Williams,2025,15,16.53,QB
Brock Purdy,2025,15,16.37,QB
Trevor Lawrence,2025,15,16.28,QB
Drake Maye,2025,15,16.16,QB
Bo Nix,2025,15,16.07,QB
Jameis Winston,2025,15,16.06,QB
Jared Goff,2025,15,15.52,QB
Justin Herbert,2025,15,15.35,QB
Aaron Rodgers,2025,15,15.33,QB
Jacoby Brissett,2025,15,14.74,QB
Sam Darnold,2025,15,14.59,QB
Tyler Huntley,2025,15,14.0,QB
C.J. Stroud,2025,15,13.97,QB
Philip Rivers,2025,15,13.69,QB
Jordan Love,2025,15,13.32,QB
Spencer Rattler,2025,15,12.93,QB
Tyler Shough,2025,15,12.91,QB
Shedeur Sanders,2025,15,12.51,QB
Tua Tagovailoa,2025,15,12.33,QB
Kirk Cousins,2025,15,12.24,QB
Marcus Mariota,2025,15,12.23,QB
J.J. McCarthy,2025,15,11.69,QB
Bryce Young,2025,15,11.34,QB
Cam Ward,2025,15,11.17,QB
Brady Cook,2025,15,6.67,QB
Kenny Pickett,2025,15,5.78,QB
Tanner McKee,2025,15,5.09,QB
Gardner Minshew,2025,15,3.07,QB
Nick Mullens,2025,15,2.45,QB
Jahmyr Gibbs,2025,15,22.83,RB
Christian McCaffrey,2025,15,21.09,RB
De'Von Achane,2025,15,18.66,RB
Bijan Robinson,2025,15,17.79,RB
Saquon Barkley,2025,15,16.58,RB
Jonathan Taylor,2025,15,16.46,RB
Bucky Irving,2025,15,16.2,RB
James Cook,2025,15,15.85,RB
Josh Jacobs,2025,15,15.52,RB
Derrick Henry,2025,15,15.48,RB
Chase Brown,2025,15,15.09,RB
Kyren Williams,2025,15,14.99,RB
D'Andre Swift,2025,15,14.34,RB
Omarion Hampton,2025,15,14.1,RB
Ashton Jeanty,2025,15,13.82,RB
Travis Etienne,2025,15,13.66,RB
Rico Dowdle,2025,15,13.45,RB
TreVeyon Henderson,2025,15,13.43,RB
Devin Neal,2025,15,13.29,RB
Javonte Williams,2025,15,13.28,RB
Breece Hall,2025,15,13.1,RB
Kenneth Walker III,2025,15,13.07,RB
Woody Marks,2025,15,12.57,RB
Tony Pollard,2025,15,12.56,RB
RJ Harvey,2025,15,12.37,RB
Quinshon Judkins,2025,15,12.34,RB
Jaylen Warren,2025,15,11.84,RB
Chuba Hubbard,2025,15,11.36,RB
Kimani Vidal,2025,15,11.03,RB
Tyrone Tracy Jr.,2025,15,10.99,RB
Kareem Hunt,2025,15,10.97,RB
Rhamondre Stevenson,2025,15,10.91,RB
Kyle Monangai,2025,15,10.83,RB
Devin Singletary,2025,15,10.79,RB
Aaron Jones,2025,15,10.65,RB
Kenneth Gainwell,2025,15,10.32,RB
Rachaad White,2025,15,10.14,RB
Zach Charbonnet,2025,15,10.01,RB
Blake Corum,2025,15,9.35,RB
David Montgomery,2025,15,9.07,RB
Tyjae Spears,2025,15,8.66,RB
Bam Knight,2025,15,8.47,RB
Jaylen Wright,2025,15,8.47,RB
Tyler Allgeier,2025,15,8.29,RB
Jordan Mason,2025,15,8.04,RB
Michael Carter,2025,15,7.39,RB
Samaje Perine,2025,15,7.03,RB
Sean Tucker,2025,15,6.72,RB
Isiah Pacheco,2025,15,6.6,RB
Emari Demercado,2025,15,6.49,RB
Jacory Croskey-Merritt,2025,15,6.39,RB
Ty Johnson,2025,15,6.19,RB
Keaton Mitchell,2025,15,5.86,RB
Brian Robinson,2025,15,5.44,RB
Emanuel Wilson,2025,15,5.41,RB
Bhayshul Tuten,2025,15,5.17,RB
Jaleel McLaughlin,2025,15,5.01,RB
Ronnie Rivers,2025,15,4.6,RB
Tank Bigsby,2025,15,4.46,RB
Brittain Brown,2025,15,4.44,RB
Audric Estimé,2025,15,4.44,RB
Jeremy McNichols,2025,15,4.34,RB
Adam Prentice,2025,15,4.12,RB
Ollie Gordon II,2025,15,4.07,RB
Tyler Badie,2025,15,4.05,RB
Brashard Smith,2025,15,3.79,RB
Raheem Mostert,2025,15,3.67,RB
Isaiah Davis,2025,15,3.47,RB
Tahj Brooks,2025,15,3.42,RB
Malik Davis,2025,15,3.33,RB
Khalil Herbert,2025,15,3.32,RB
Rasheen Ali,2025,15,3.23,RB
Corey Kiner,2025,15,3.19,RB
Evan Hull,2025,15,3.17,RB
Kaleb Johnson,2025,15,3.13,RB
Chris Brooks,2025,15,2.85,RB
Chase Edmonds,2025,15,2.77,RB
Ameer Abdullah,2025,15,2.6,RB
LeQuint Allen Jr.,2025,15,2.59,RB
Ray Davis,2025,15,2.58,RB
Jawhar Jordan,2025,15,2.47,RB
Trayveon Williams,2025,15,2.4,RB
Hunter Luepke,2025,15,2.3,RB
Will Shipley,2025,15,2.07,RB
Dare Ogunbowale,2025,15,2.05,RB
Trevor Etienne,2025,15,1.74,RB
Andrew Beck,2025,15,1.73,RB
Tyler Goodson,2025,15,1.53,RB
Kalel Mullings,2025,15,1.5,RB
Julius Chestnut,2025,15,1.45,RB
British Brooks,2025,15,1.4,RB
Sione Vaki,2025,15,1.01,RB
Dylan Laube,2025,15,0.67,RB
Trey McBride,2025,15,14.59,TE
Travis Kelce,2025,15,14.03,TE
Brock Bowers,2025,15,13.63,TE
George Kittle,2025,15,13.54,TE
Tyler Warren,2025,15,13.12,TE
Harold Fannin Jr.,2025,15,11.53,TE
Hunter Henry,2025,15,10.88,TE
Jake Ferguson,2025,15,10.73,TE
Dalton Schultz,2025,15,10.04,TE
Kyle Pitts,2025,15,9.98,TE
Dallas Goedert,2025,15,9.94,TE
Evan Engram,2025,15,9.87,TE
Theo Johnson,2025,15,9.64,TE
T.J. Hockenson,2025,15,9.39,TE
Dalton Kincaid,2025,15,9.33,TE
Juwan Johnson,2025,15,9.09,TE
Mark Andrews,2025,15,9.06,TE
Brenton Strange,2025,15,8.73,TE
Colston Loveland,2025,15,8.7,TE
Oronde Gadsden II,2025,15,8.56,TE
Darren Waller,2025,15,8.4,TE
Chig Okonkwo,2025,15,8.25,TE
AJ Barner,2025,15,8.23,TE
Mike Gesicki,2025,15,8.06,TE
Pat Freiermuth,2025,15,7.57,TE
Greg Dulcich,2025,15,7.48,TE
Dawson Knox,2025,15,7.32,TE
Gunnar Helm,2025,15,7.06,TE
Colby Parkinson,2025,15,7.03,TE
Jonnu Smith,2025,15,6.43,TE
Cole Kmet,2025,15,5.53,TE
Michael Mayer,2025,15,5.48,TE
Darnell Washington,2025,15,4.91,TE
Terrance Ferguson,2025,15,4.64,TE
Tommy Tremble,2025,15,4.62,TE
Taysom Hill,2025,15,4.6,TE
Ja'Tavion Sanders,2025,15,4.45,TE
Cade Stover,2025,15,4.44,TE
Daniel Bellinger,2025,15,4.38,TE
Luke Musgrave,2025,15,4.23,TE
Josh Oliver,2025,15,4.05,TE
Davis Allen,2025,15,3.81,TE
Jeremy Ruckert,2025,15,3.79,TE
Jackson Hawes,2025,15,3.62,TE
Mitchell Evans,2025,15,3.61,TE
Tanner Hudson,2025,15,3.6,TE
Charlie Woerner,2025,15,3.54,TE
Luke Schoonmaker,2025,15,3.51,TE
Julian Hill,2025,15,3.37,TE
John Bates,2025,15,3.21,TE
Devin Culp,2025,15,3.13,TE
Elijah Higgins,2025,15,3.01,TE
Brenden Bates,2025,15,2.93,TE
Grant Calcaterra,2025,15,2.77,TE
Drew Sample,2025,15,2.67,TE
Charlie Kolar,2025,15,2.5,TE
Stone Smartt,2025,15,2.38,TE
Jack Stoll,2025,15,2.3,TE
Durham Smythe,2025,15,2.24,TE
Kylen Granson,2025,15,2.19,TE
Colson Yankoff,2025,15,2.19,TE
John FitzPatrick,2025,15,2.14,TE
Eric Saubert,2025,15,2.02,TE
Ben Sinnott,2025,15,2.01,TE
Quintin Morris,2025,15,1.88,TE
Brevyn Spann-Ford,2025,15,1.8,TE
Nick Kallerup,2025,15,1.76,TE
Giovanni Ricci,2025,15,1.69,TE
Connor Heyward,2025,15,1.49,TE
Pharaoh Brown,2025,15,1.35,TE
David Martin-Robinson,2025,15,1.33,TE
Puka Nacua,2025,15,20.08,WR
Ja'Marr Chase,2025,15,20.0,WR
CeeDee Lamb,2025,15,17.45,WR
Amon-Ra St. Brown,2025,15,15.98,WR
A.J. Brown,2025,15,15.89,WR
Rashee Rice,2025,15,15.87,WR
Nico Collins,2025,15,15.85,WR
Jaxon Smith-Njigba,2025,15,15.66,WR
George Pickens,2025,15,15.21,WR
Davante Adams,2025,15,14.9,WR
Emeka Egbuka,2025,15,14.5,WR
DeVonta Smith,2025,15,14.45,WR
Wan'Dale Robinson,2025,15,14.28,WR
DK Metcalf,2025,15,14.26,WR
Zay Flowers,2025,15,13.64,WR
Justin Jefferson,2025,15,13.54,WR
Chris Olave,2025,15,13.47,WR
Jameson Williams,2025,15,13.28,WR
Mike Evans,2025,15,13.07,WR
Ladd McConkey,2025,15,13.01,WR
Jaylen Waddle,2025,15,12.98,WR
Michael Pittman,2025,15,12.89,WR
Tetairoa McMillan,2025,15,12.87,WR
Terry McLaurin,2025,15,12.8,WR
Jakobi Meyers,2025,15,12.67,WR
Michael Wilson,2025,15,12.6,WR
Deebo Samuel Sr.,2025,15,12.52,WR
Brian Thomas Jr.,2025,15,12.39,WR
Jauan Jennings,2025,15,12.21,WR
Jordan Addison,2025,15,11.99,WR
Stefon Diggs,2025,15,11.97,WR
Alec Pierce,2025,15,11.78,WR
Courtland Sutton,2025,15,11.73,WR
Chris Godwin Jr.,2025,15,11.7,WR
Jerry Jeudy,2025,15,11.68,WR
Christian Watson,2025,15,11.35,WR
Jayden Reed,2025,15,10.63,WR
Xavier Worthy,2025,15,10.52,WR
Khalil Shakir,2025,15,10.47,WR
Keenan Allen,2025,15,10.25,WR
Rashid Shaheed,2025,15,9.91,WR
Kayshon Boutte,2025,15,9.85,WR
Troy Franklin,2025,15,9.82,WR
DJ Moore,2025,15,9.68,WR
Jalen McMillan,2025,15,9.63,WR
Tre Tucker,2025,15,9.07,WR
Cooper Kupp,2025,15,9.05,WR
Darnell Mooney,2025,15,9.01,WR
Jayden Higgins,2025,15,8.93,WR
Parker Washington,2025,15,8.88,WR
Dontayvion Wicks,2025,15,8.83,WR
Luther Burden III,2025,15,8.71,WR
Chimere Dike,2025,15,8.56,WR
Ryan Flournoy,2025,15,8.53,WR
Ricky Pearsall,2025,15,8.48,WR
Darius Slayton,2025,15,8.44,WR
Romeo Doubs,2025,15,8.28,WR
Adonai Mitchell,2025,15,8.27,WR
Jalen Coker,2025,15,8.17,WR
John Metchie III,2025,15,7.85,WR
Josh Downs,2025,15,7.83,WR
DeMario Douglas,2025,15,7.77,WR
Devaughn Vele,2025,15,7.72,WR
Elic Ayomanor,2025,15,7.66,WR
Andrei Iosivas,2025,15,7.48,WR
Kendrick Bourne,2025,15,7.37,WR
Malik Washington,2025,15,7.29,WR
Xavier Legette,2025,15,7.17,WR
Isaiah Hodgins,2025,15,7.1,WR
Mack Hollins,2025,15,7.03,WR
Olamide Zaccheaus,2025,15,6.89,WR
Tez Johnson,2025,15,6.67,WR
Tutu Atwell,2025,15,6.59,WR
Mitchell Tinsley,2025,15,6.54,WR
Josh Palmer,2025,15,6.37,WR
Jack Bech,2025,15,6.37,WR
Calvin Austin III,2025,15,6.34,WR
Marvin Mims Jr.,2025,15,6.27,WR
Jalen Nailor,2025,15,6.25,WR
KaVontae Turpin,2025,15,6.08,WR
Dyami Brown,2025,15,5.94,WR
Dylan Drummond,2025,15,5.75,WR
Tyler Lockett,2025,15,5.72,WR
Van Jefferson,2025,15,5.56,WR
Xavier Hutchinson,2025,15,5.53,WR
Matthew Golden,2025,15,5.46,WR
David Sills,2025,15,5.28,WR
Tyquan Thornton,2025,15,5.24,WR
Lil'Jordan Humphrey,2025,15,5.21,WR
Noah Brown,2025,15,5.16,WR
Adam Thielen,2025,15,4.81,WR
Jalin Hyatt,2025,15,4.78,WR
Jaylin Noel,2025,15,4.63,WR
JuJu Smith-Schuster,2025,15,4.6,WR
DeAndre Hopkins,2025,15,4.53,WR
Demarcus Robinson,2025,15,4.18,WR
Tre Harris,2025,15,4.15,WR
Jonathan Mingo,2025,15,4.1,WR
Isaac TeSlaa,2025,15,4.08,WR
Kyle Williams,2025,15,4.06,WR
Xavier Smith,2025,15,4.02,WR
Isaiah Bond,2025,15,4.0,WR
Brandin Cooks,2025,15,3.95,WR
Allen Lazard,2025,15,3.95,WR
Treylon Burks,2025,15,3.94,WR
Mason Tipton,2025,15,3.94,WR
Kalif Raymond,2025,15,3.88,WR
Marquez Valdes-Scantling,2025,15,3.71,WR
Jordan Whittington,2025,15,3.71,WR
Jimmy Horn Jr.,2025,15,3.67,WR
Isaiah Williams,2025,15,3.5,WR
Tom Kennedy,2025,15,3.33,WR
Jalen Brooks,2025,15,3.26,WR
Kevin Austin Jr.,2025,15,3.22,WR
Gage Larvadain,2025,15,3.09,WR
Coleman Owen,2025,15,2.91,WR
Konata Mumpfield,2025,15,2.86,WR
James Proche,2025,15,2.76,WR
Darius Cooper,2025,15,2.75,WR
Andre Baccellia,2025,15,2.66,WR
Jaylin Lane,2025,15,2.45,WR
Devin Duvernay,2025,15,2.4,WR
KhaDarel Hodge,2025,15,2.37,WR
Nick Westbrook-Ikhine,2025,15,2.34,WR
Deven Thompkins,2025,15,2.34,WR
KeAndre Lambert-Smith,2025,15,2.16,WR
Kameron Johnson,2025,15,2.13,WR
Arian Smith,2025,15,2.12,WR
Tylan Wallace,2025,15,1.97,WR
Ben Skowronek,2025,15,1.96,WR
Brycen Tremayne,2025,15,1.87,WR
Malachi Corley,2025,15,1.87,WR
Dante Pettis,2025,15,1.76,WR
Skyy Moore,2025,15,1.48,WR
Michael Bandy,2025,15,1.47,WR
Dalen Cambre,2025,15,1.46,WR
Dee Eskridge,2025,15,1.35,WR
Britain Covey,2025,15,1.29,WR
Charlie Jones,2025,15,1.15,WR
Nikko Remigio,2025,15,0.98,WR
LaJohntay Wester,2025,15,0.71,WR
Myles Price,2025,15,0.41,WR
HOU,2025,16,8.87,DEF
LA,2025,16,8.02,DEF
SEA,2025,16,7.95,DEF
PHI,2025,16,7.78,DEF
BUF,2025,16,7.72,DEF
CHI,2025,16,7.51,DEF
DEN,2025,16,7.35,DEF
MIN,2025,16,7.31,DEF
GB,2025,16,6.92,DEF
KC,2025,16,6.91,DEF
BAL,2025,16,6.72,DEF
JAX,2025,16,6.71,DEF
CLE,2025,16,6.45,DEF
LAC,2025,16,6.29,DEF
MIA,2025,16,6.25,DEF
NO,2025,16,6.14,DEF
CAR,2025,16,6.1,DEF
TB,2025,16,6.02,DEF
TEN,2025,16,5.96,DEF
NYG,2025,16,5.94,DEF
SF,2025,16,5.9,DEF
IND,2025,16,5.77,DEF
WAS,2025,16,5.75,DEF
NYJ,2025,16,5.57,DEF
LV,2025,16,5.51,DEF
DET,2025,16,5.36,DEF
NE,2025,16,5.32,DEF
CIN,2025,16,5.29,DEF
DAL,2025,16,5.28,DEF
PIT,2025,16,5.21,DEF
ARI,2025,16,5.04,DEF
ATL,2025,16,4.77,DEF
Jake Bates,2025,16,9.2,K
Chris Boswell,2025,16,8.84,K
Ka'imi Fairbairn,2025,16,8.72,K
Cameron Dicker,2025,16,8.43,K
Zane Gonzalez,2025,16,8.38,K
Will Reichard,2025,16,8.37,K
Wil Lutz,2025,16,8.36,K
Riley Patterson,2025,16,8.36,K
Tyler Loop,2025,16,8.36,K
Harrison Mevis,2025,16,8.35,K
Cam Little,2025,16,8.3,K
Andy Borregales,2025,16,8.18,K
Charlie Smyth,2025,16,8.15,K
Chad Ryland,2025,16,8.08,K
Evan McPherson,2025,16,8.03,K
Jason Myers,2025,16,7.95,K
Nick Folk,2025,16,7.91,K
Harrison Butker,2025,16,7.91,K
Jake Elliott,2025,16,7.91,K
Brandon Aubrey,2025,16,7.9,K
Andre Szmyt,2025,16,7.87,K
Brandon McManus,2025,16,7.85,K
Chase McLaughlin,2025,16,7.85,K
Eddy Pineiro,2025,16,7.68,K
Daniel Carlson,2025,16,7.62,K
Jake Moody,2025,16,7.57,K
Cairo Santos,2025,16,7.54,K
Blake Grupe,2025,16,7.53,K
Joey Slye,2025,16,7.37,K
Mike Badgley,2025,16,7.3,K
Ryan Fitzgerald,2025,16,7.24,K
Ben Sauls,2025,16,6.48,K
Josh Allen,2025,16,22.42,QB
Lamar Jackson,2025,16,19.43,QB
Jalen Hurts,2025,16,19.16,QB
Jared Goff,2025,16,18.81,QB
Dak Prescott,2025,16,18.34,QB
Bo Nix,2025,16,18.0,QB
Matthew Stafford,2025,16,17.04,QB
Drake Maye,2025,16,16.93,QB
Joe Burrow,2025,16,16.61,QB
Trevor Lawrence,2025,16,16.49,QB
Baker Mayfield,2025,16,16.29,QB
Jacoby Brissett,2025,16,16.1,QB
Caleb Williams,2025,16,15.78,QB
Aaron Rodgers,2025,16,15.72,QB
Brock Purdy,2025,16,15.52,QB
Jaxson Dart,2025,16,15.22,QB
Philip Rivers,2025,16,15.16,QB
Justin Herbert,2025,16,14.98,QB
C.J. Stroud,2025,16,14.91,QB
Joe Flacco,2025,16,14.82,QB
Kirk Cousins,2025,16,14.76,QB
Jordan Love,2025,16,14.2,QB
Tyler Shough,2025,16,14.13,QB
Marcus Mariota,2025,16,13.85,QB
Sam Darnold,2025,16,13.73,QB
Geno Smith,2025,16,13.2,QB
Bryce Young,2025,16,13.03,QB
J.J. McCarthy,2025,16,12.63,QB
Cam Ward,2025,16,12.22,QB
Brady Cook,2025,16,11.65,QB
Shedeur Sanders,2025,16,11.3,QB
Tyler Huntley,2025,16,9.37,QB
Riley Leonard,2025,16,8.71,QB
Joe Milton III,2025,16,7.86,QB
Mac Jones,2025,16,7.0,QB
Dillon Gabriel,2025,16,6.78,QB
Quinn Ewers,2025,16,6.58,QB
Max Brosmer,2025,16,6.32,QB
Josh Johnson,2025,16,5.85,QB
Tanner McKee,2025,16,5.21,QB
Malik Willis,2025,16,4.23,QB
Chris Oladokun,2025,16,3.15,QB
Gardner Minshew,2025,16,2.77,QB
Jahmyr Gibbs,2025,16,21.04,RB
Bijan Robinson,2025,16,19.54,RB
Christian McCaffrey,2025,16,19.31,RB
De'Von Achane,2025,16,18.78,RB
Jonathan Taylor,2025,16,18.0,RB
Saquon Barkley,2025,16,16.4,RB
James Cook,2025,16,16.12,RB
Derrick Henry,2025,16,16.05,RB
Jawhar Jordan,2025,16,15.92,RB
TreVeyon Henderson,2025,16,15.77,RB
Josh Jacobs,2025,16,14.85,RB
D'Andre Swift,2025,16,14.42,RB
Kyren Williams,2025,16,14.4,RB
Omarion Hampton,2025,16,14.32,RB
Bucky Irving,2025,16,14.3,RB
Travis Etienne,2025,16,13.99,RB
Chase Brown,2025,16,13.53,RB
Rico Dowdle,2025,16,13.48,RB
Ashton Jeanty,2025,16,13.34,RB
Javonte Williams,2025,16,13.15,RB
Tony Pollard,2025,16,12.73,RB
Quinshon Judkins,2025,16,12.44,RB
Kenneth Gainwell,2025,16,12.19,RB
Breece Hall,2025,16,12.15,RB
Tyrone Tracy Jr.,2025,16,12.14,RB
RJ Harvey,2025,16,11.54,RB
Kenneth Walker III,2025,16,11.53,RB
Aaron Jones,2025,16,10.75,RB
Jaylen Warren,2025,16,10.64,RB
Chuba Hubbard,2025,16,10.38,RB
Kimani Vidal,2025,16,10.34,RB
Michael Carter,2025,16,10.31,RB
David Montgomery,2025,16,9.31,RB
Rhamondre Stevenson,2025,16,9.3,RB
Jacory Croskey-Merritt,2025,16,9.29,RB
Kyle Monangai,2025,16,9.27,RB
Zach Charbonnet,2025,16,9.25,RB
Blake Corum,2025,16,8.76,RB
Kareem Hunt,2025,16,8.17,RB
Rachaad White,2025,16,7.8,RB
Tyjae Spears,2025,16,7.75,RB
Chris Rodriguez Jr.,2025,16,7.69,RB
Jordan Mason,2025,16,7.34,RB
Samaje Perine,2025,16,7.12,RB
Devin Singletary,2025,16,6.73,RB
Keaton Mitchell,2025,16,6.44,RB
Tyler Allgeier,2025,16,6.4,RB
Ty Johnson,2025,16,6.34,RB
Tank Bigsby,2025,16,6.19,RB
Emari Demercado,2025,16,6.11,RB
Isiah Pacheco,2025,16,6.1,RB
Isaiah Davis,2025,16,5.98,RB
Audric Estimé,2025,16,5.96,RB
Nick Chubb,2025,16,5.83,RB
Malik Davis,2025,16,5.77,RB
Brian Robinson,2025,16,5.52,RB
Jeremy McNichols,2025,16,5.3,RB
Ameer Abdullah,2025,16,5.14,RB
Jaylen Wright,2025,16,5.1,RB
Sean Tucker,2025,16,5.09,RB
Emanuel Wilson,2025,16,5.07,RB
Dare Ogunbowale,2025,16,4.26,RB
Rasheen Ali,2025,16,4.11,RB
Zavier Scott,2025,16,3.83,RB
Jaleel McLaughlin,2025,16,3.74,RB
Chris Brooks,2025,16,3.7,RB
Brashard Smith,2025,16,3.64,RB
LeQuint Allen Jr.,2025,16,3.57,RB
Ray Davis,2025,16,3.48,RB
Tyler Badie,2025,16,3.41,RB
Ollie Gordon II,2025,16,3.4,RB
Hunter Luepke,2025,16,3.1,RB
Raheem Mostert,2025,16,2.98,RB
Raheim Sanders,2025,16,2.86,RB
Evan Hull,2025,16,2.76,RB
Corey Kiner,2025,16,2.59,RB
Ronnie Rivers,2025,16,2.56,RB
Trayveon Williams,2025,16,2.52,RB
Hassan Haskins,2025,16,2.28,RB
Kalel Mullings,2025,16,2.05,RB
DeeJay Dallas,2025,16,1.88,RB
Will Shipley,2025,16,1.82,RB
Tahj Brooks,2025,16,1.51,RB
Trevor Etienne,2025,16,1.46,RB
Dylan Laube,2025,16,1.4,RB
Tyler Goodson,2025,16,1.23,RB
British Brooks,2025,16,1.03,RB
Julius Chestnut,2025,16,0.94,RB
Jacob Saylors,2025,16,0.85,RB
Kene Nwangwu,2025,16,0.44,RB
Brock Bowers,2025,16,14.75,TE
Trey McBride,2025,16,14.07,TE
George Kittle,2025,16,13.39,TE
Kyle Pitts,2025,16,13.14,TE
Travis Kelce,2025,16,12.89,TE
Tyler Warren,2025,16,12.33,TE
Harold Fannin Jr.,2025,16,11.8,TE
Dallas Goedert,2025,16,10.07,TE
Dalton Schultz,2025,16,9.88,TE
Darren Waller,2025,16,9.8,TE
Cade Otton,2025,16,9.79,TE
T.J. Hockenson,2025,16,9.71,TE
Jake Ferguson,2025,16,9.7,TE
Evan Engram,2025,16,9.47,TE
Juwan Johnson,2025,16,9.46,TE
Hunter Henry,2025,16,9.3,TE
Oronde Gadsden II,2025,16,9.16,TE
Mark Andrews,2025,16,9.08,TE
Dalton Kincaid,2025,16,9.05,TE
Theo Johnson,2025,16,8.97,TE
AJ Barner,2025,16,8.63,TE
Chig Okonkwo,2025,16,8.34,TE
Pat Freiermuth,2025,16,8.21,TE
Colston Loveland,2025,16,8.15,TE
Isaiah Likely,2025,16,8.07,TE
Colby Parkinson,2025,16,7.82,TE
Brenton Strange,2025,16,7.6,TE
Gunnar Helm,2025,16,7.52,TE
Dawson Knox,2025,16,7.48,TE
Greg Dulcich,2025,16,7.23,TE
Jonnu Smith,2025,16,7.15,TE
Jake Tonges,2025,16,6.91,TE
Mike Gesicki,2025,16,6.82,TE
Cole Kmet,2025,16,5.94,TE
Luke Musgrave,2025,16,5.77,TE
Darnell Washington,2025,16,5.48,TE
Jelani Woods,2025,16,5.27,TE
Michael Mayer,2025,16,5.09,TE
Tommy Tremble,2025,16,5.07,TE
Noah Gray,2025,16,4.88,TE
Ja'Tavion Sanders,2025,16,4.79,TE
Austin Hooper,2025,16,4.62,TE
Cade Stover,2025,16,4.42,TE
Taysom Hill,2025,16,4.3,TE
Terrance Ferguson,2025,16,4.02,TE
Jeremy Ruckert,2025,16,3.94,TE
John FitzPatrick,2025,16,3.93,TE
Tanner Hudson,2025,16,3.86,TE
Mo Alie-Cox,2025,16,3.56,TE
Josh Oliver,2025,16,3.36,TE
Adam Trautman,2025,16,3.35,TE
Charlie Woerner,2025,16,3.35,TE
Davis Allen,2025,16,3.32,TE
Shane Zylstra,2025,16,3.25,TE
Foster Moreau,2025,16,3.24,TE
Jackson Hawes,2025,16,3.15,TE
John Bates,2025,16,3.02,TE
Mitchell Evans,2025,16,3.0,TE
Anthony Firkser,2025,16,2.89,TE
Ben Sinnott,2025,16,2.87,TE
Elijah Higgins,2025,16,2.86,TE
Nate Adkins,2025,16,2.69,TE
Drew Sample,2025,16,2.61,TE
Stone Smartt,2025,16,2.53,TE
Charlie Kolar,2025,16,2.4,TE
Quintin Morris,2025,16,2.35,TE
Luke Farrell,2025,16,2.35,TE
Will Dissly,2025,16,2.34,TE
Brenden Bates,2025,16,2.3,TE
Cam Grandy,2025,16,2.24,TE
Carter Runyon,2025,16,2.11,TE
Kylen Granson,2025,16,2.09,TE
Jack Stoll,2025,16,1.97,TE
Josiah Deguara,2025,16,1.77,TE
Andrew Ogletree,2025,16,1.73,TE
Brevyn Spann-Ford,2025,16,1.57,TE
Chris Manhertz,2025,16,1.47,TE
Eric Saubert,2025,16,1.34,TE
David Martin-Robinson,2025,16,1.2,TE
Ja'Marr Chase,2025,16,19.99,WR
Amon-Ra St. Brown,2025,16,19.62,WR
Puka Nacua,2025,16,18.92,WR
CeeDee Lamb,2025,16,18.25,WR
Drake London,2025,16,17.08,WR
Jaxon Smith-Njigba,2025,16,16.03,WR
George Pickens,2025,16,15.45,WR
A.J. Brown,2025,16,14.76,WR
Nico Collins,2025,16,14.48,WR
Wan'Dale Robinson,2025,16,14.38,WR
Emeka Egbuka,2025,16,14.21,WR
Chris Olave,2025,16,14.0,WR
Jameson Williams,2025,16,13.87,WR
Tee Higgins,2025,16,13.72,WR
Zay Flowers,2025,16,13.66,WR
Mike Evans,2025,16,13.63,WR
Jakobi Meyers,2025,16,13.42,WR
DeVonta Smith,2025,16,13.4,WR
Justin Jefferson,2025,16,13.3,WR
Chris Godwin Jr.,2025,16,13.25,WR
DK Metcalf,2025,16,12.97,WR
Jaylen Waddle,2025,16,12.94,WR
Terry McLaurin,2025,16,12.89,WR
Michael Wilson,2025,16,12.77,WR
Marvin Harrison Jr.,2025,16,12.72,WR
Courtland Sutton,2025,16,12.63,WR
Michael Pittman,2025,16,12.44,WR
Stefon Diggs,2025,16,12.4,WR
Tetairoa McMillan,2025,16,12.26,WR
Deebo Samuel Sr.,2025,16,12.23,WR
Jauan Jennings,2025,16,11.86,WR
Jordan Addison,2025,16,11.77,WR
Keenan Allen,2025,16,11.57,WR
Brian Thomas Jr.,2025,16,11.32,WR
Ladd McConkey,2025,16,11.32,WR
Christian Watson,2025,16,11.09,WR
Rashid Shaheed,2025,16,11.03,WR
DJ Moore,2025,16,10.89,WR
Jayden Reed,2025,16,10.7,WR
Troy Franklin,2025,16,10.54,WR
Khalil Shakir,2025,16,10.4,WR
Alec Pierce,2025,16,10.27,WR
Xavier Worthy,2025,16,9.86,WR
Jerry Jeudy,2025,16,9.78,WR
Cooper Kupp,2025,16,9.64,WR
Quentin Johnston,2025,16,9.61,WR
Jalen McMillan,2025,16,9.44,WR
Adonai Mitchell,2025,16,9.43,WR
Tre Tucker,2025,16,9.19,WR
Josh Downs,2025,16,8.91,WR
Parker Washington,2025,16,8.72,WR
Darius Slayton,2025,16,8.66,WR
Darnell Mooney,2025,16,8.53,WR
Jalen Coker,2025,16,8.4,WR
Mack Hollins,2025,16,8.37,WR
Chimere Dike,2025,16,8.12,WR
Romeo Doubs,2025,16,7.95,WR
Ryan Flournoy,2025,16,7.75,WR
Jalen Nailor,2025,16,7.64,WR
Kendrick Bourne,2025,16,7.63,WR
Jayden Higgins,2025,16,7.32,WR
Xavier Legette,2025,16,7.3,WR
John Metchie III,2025,16,7.27,WR
Kayshon Boutte,2025,16,7.25,WR
Pat Bryant,2025,16,7.25,WR
Christian Kirk,2025,16,7.07,WR
Marquise Brown,2025,16,7.06,WR
David Sills,2025,16,6.88,WR
Dontayvion Wicks,2025,16,6.83,WR
Jack Bech,2025,16,6.69,WR
Malik Washington,2025,16,6.54,WR
Isaiah Bond,2025,16,6.42,WR
Matthew Golden,2025,16,6.41,WR
Tre Harris,2025,16,6.38,WR
DeMario Douglas,2025,16,6.37,WR
Marvin Mims Jr.,2025,16,6.24,WR
Tim Patrick,2025,16,6.15,WR
Chris Moore,2025,16,6.04,WR
KaVontae Turpin,2025,16,6.0,WR
Tyrell Shavers,2025,16,6.0,WR
Tyler Lockett,2025,16,5.99,WR
Josh Palmer,2025,16,5.96,WR
Van Jefferson,2025,16,5.88,WR
Rashod Bateman,2025,16,5.85,WR
Mitchell Tinsley,2025,16,5.67,WR
DeAndre Hopkins,2025,16,5.62,WR
Olamide Zaccheaus,2025,16,5.6,WR
Lil'Jordan Humphrey,2025,16,5.57,WR
Tez Johnson,2025,16,5.56,WR
Elic Ayomanor,2025,16,5.52,WR
Tyler Johnson,2025,16,5.45,WR
Isaiah Williams,2025,16,5.33,WR
Xavier Hutchinson,2025,16,5.03,WR
Cedric Tillman,2025,16,5.02,WR
Andrei Iosivas,2025,16,4.88,WR
Adam Thielen,2025,16,4.75,WR
Brandin Cooks,2025,16,4.68,WR
Calvin Austin III,2025,16,4.54,WR
Kevin Austin Jr.,2025,16,4.27,WR
Demarcus Robinson,2025,16,4.26,WR
Treylon Burks,2025,16,4.17,WR
Isaac TeSlaa,2025,16,4.06,WR
Jimmy Horn Jr.,2025,16,4.02,WR
Kalif Raymond,2025,16,3.68,WR
JuJu Smith-Schuster,2025,16,3.67,WR
Jalen Brooks,2025,16,3.65,WR
Jahan Dotson,2025,16,3.61,WR
Jonathan Mingo,2025,16,3.61,WR
Cedrick Wilson Jr.,2025,16,3.51,WR
Mason Tipton,2025,16,3.49,WR
Devontez Walker,2025,16,3.49,WR
Gage Larvadain,2025,16,3.45,WR
Marquez Valdes-Scantling,2025,16,3.29,WR
Cody White,2025,16,3.29,WR
Xavier Weaver,2025,16,3.27,WR
Jaylin Noel,2025,16,3.26,WR
Jaylin Lane,2025,16,3.13,WR
KeAndre Lambert-Smith,2025,16,2.97,WR
Kyle Williams,2025,16,2.88,WR
Theo Wease Jr.,2025,16,2.74,WR
Tom Kennedy,2025,16,2.72,WR
Mecole Hardman,2025,16,2.66,WR
Scott Miller,2025,16,2.62,WR
Malachi Corley,2025,16,2.57,WR
Arian Smith,2025,16,2.36,WR
Xavier Smith,2025,16,2.35,WR
Jordan Whittington,2025,16,2.29,WR
Savion Williams,2025,16,2.2,WR
Steven Sims,2025,16,2.16,WR
Konata Mumpfield,2025,16,2.06,WR
Deven Thompkins,2025,16,1.91,WR
Dee Eskridge,2025,16,1.86,WR
Dareke Young,2025,16,1.82,WR
Brycen Tremayne,2025,16,1.81,WR
Gunner Olszewski,2025,16,1.61,WR
Coleman Owen,2025,16,1.56,WR
Tai Felton,2025,16,1.45,WR
Devin Duvernay,2025,16,1.44,WR
Dante Pettis,2025,16,1.34,WR
Kameron Johnson,2025,16,1.27,WR
Skyy Moore,2025,16,1.18,WR
Ben Skowronek,2025,16,1.07,WR
Nikko Remigio,2025,16,1.0,WR
Jahdae Walker,2025,16,0.95,WR
Britain Covey,2025,16,0.8,WR
Alex Bachman,2025,16,0.78,WR
LaJohntay Wester,2025,16,0.65,WR
Myles Price,2025,16,0.54,WR
Ke'Shawn Williams,2025,16,0.44,WR
LAC,2025,17,7.97,DEF
SEA,2025,17,7.83,DEF
PHI,2025,17,7.52,DEF
BAL,2025,17,7.44,DEF
PIT,2025,17,7.44,DEF
HOU,2025,17,7.33,DEF
GB,2025,17,7.2,DEF
LA,2025,17,7.2,DEF
TEN,2025,17,7.05,DEF
DEN,2025,17,6.9,DEF
JAX,2025,17,6.88,DEF
BUF,2025,17,6.87,DEF
NE,2025,17,6.84,DEF
NO,2025,17,6.81,DEF
MIN,2025,17,6.73,DEF
CLE,2025,17,6.59,DEF
DET,2025,17,6.53,DEF
KC,2025,17,6.45,DEF
SF,2025,17,6.4,DEF
MIA,2025,17,6.12,DEF
CAR,2025,17,5.95,DEF
CIN,2025,17,5.88,DEF
TB,2025,17,5.87,DEF
LV,2025,17,5.77,DEF
CHI,2025,17,5.76,DEF
DAL,2025,17,5.74,DEF
IND,2025,17,5.74,DEF
NYJ,2025,17,5.56,DEF
NYG,2025,17,5.47,DEF
ATL,2025,17,4.92,DEF
WAS,2025,17,4.45,DEF
ARI,2025,17,4.44,DEF
Eddy Pineiro,2025,17,9.33,K
Harrison Mevis,2025,17,9.17,K
Evan McPherson,2025,17,8.85,K
Cameron Dicker,2025,17,8.79,K
Jason Myers,2025,17,8.56,K
Will Reichard,2025,17,8.56,K
Riley Patterson,2025,17,8.52,K
Jake Bates,2025,17,8.46,K
Zane Gonzalez,2025,17,8.42,K
Ben Sauls,2025,17,8.41,K
Brandon Aubrey,2025,17,8.39,K
Daniel Carlson,2025,17,8.33,K
Harrison Butker,2025,17,8.24,K
Charlie Smyth,2025,17,8.21,K
Chris Boswell,2025,17,8.17,K
Mike Badgley,2025,17,8.14,K
Jake Elliott,2025,17,8.1,K
Chase McLaughlin,2025,17,8.1,K
Jake Moody,2025,17,8.05,K
Andy Borregales,2025,17,8.03,K
Brandon McManus,2025,17,7.96,K
Cam Little,2025,17,7.9,K
Blake Grupe,2025,17,7.89,K
Joey Slye,2025,17,7.88,K
Ka'imi Fairbairn,2025,17,7.78,K
Tyler Loop,2025,17,7.76,K
Wil Lutz,2025,17,7.73,K
Cairo Santos,2025,17,7.71,K
Andre Szmyt,2025,17,7.17,K
Chad Ryland,2025,17,7.16,K
Nick Folk,2025,17,7.04,K
Ryan Fitzgerald,2025,17,6.92,K
Josh Allen,2025,17,21.82,QB
Joe Burrow,2025,17,19.36,QB
Brock Purdy,2025,17,19.27,QB
Jalen Hurts,2025,17,19.22,QB
Matthew Stafford,2025,17,18.43,QB
Baker Mayfield,2025,17,17.36,QB
Drake Maye,2025,17,16.85,QB
Kirk Cousins,2025,17,16.73,QB
Jared Goff,2025,17,16.69,QB
Trevor Lawrence,2025,17,16.68,QB
Philip Rivers,2025,17,16.66,QB
Justin Herbert,2025,17,16.3,QB
Dak Prescott,2025,17,16.21,QB
Bo Nix,2025,17,16.12,QB
Aaron Rodgers,2025,17,15.63,QB
Caleb Williams,2025,17,14.95,QB
Bryce Young,2025,17,14.82,QB
Sam Darnold,2025,17,14.58,QB
Jaxson Dart,2025,17,14.32,QB
Jacoby Brissett,2025,17,13.59,QB
Cam Ward,2025,17,13.45,QB
C.J. Stroud,2025,17,13.38,QB
Geno Smith,2025,17,13.21,QB
Joe Flacco,2025,17,13.05,QB
Tyler Shough,2025,17,12.67,QB
Malik Willis,2025,17,12.26,QB
Shedeur Sanders,2025,17,11.95,QB
Brady Cook,2025,17,11.15,QB
Tyler Huntley,2025,17,8.76,QB
Quinn Ewers,2025,17,8.54,QB
Chris Oladokun,2025,17,7.83,QB
Kenny Pickett,2025,17,7.18,QB
Max Brosmer,2025,17,6.52,QB
Josh Johnson,2025,17,6.5,QB
Riley Leonard,2025,17,4.69,QB
Joshua Dobbs,2025,17,3.48,QB
Clayton Tune,2025,17,3.21,QB
Bijan Robinson,2025,17,21.53,RB
Christian McCaffrey,2025,17,20.26,RB
Jahmyr Gibbs,2025,17,19.19,RB
De'Von Achane,2025,17,18.31,RB
James Cook,2025,17,17.25,RB
Jonathan Taylor,2025,17,17.18,RB
Chase Brown,2025,17,16.45,RB
Ashton Jeanty,2025,17,16.42,RB
Saquon Barkley,2025,17,16.35,RB
Derrick Henry,2025,17,15.7,RB
Kyren Williams,2025,17,14.89,RB
Omarion Hampton,2025,17,14.87,RB
Josh Jacobs,2025,17,14.6,RB
Bucky Irving,2025,17,14.36,RB
Jaylen Warren,2025,17,14.19,RB
Travis Etienne,2025,17,14.16,RB
Jawhar Jordan,2025,17,13.8,RB
Tony Pollard,2025,17,13.65,RB
Kenneth Gainwell,2025,17,13.28,RB
Breece Hall,2025,17,13.27,RB
D'Andre Swift,2025,17,12.98,RB
RJ Harvey,2025,17,12.54,RB
Rico Dowdle,2025,17,12.49,RB
Aaron Jones,2025,17,12.34,RB
Kenneth Walker III,2025,17,12.26,RB
Javonte Williams,2025,17,11.6,RB
Tyrone Tracy Jr.,2025,17,11.28,RB
Kyle Monangai,2025,17,10.93,RB
TreVeyon Henderson,2025,17,10.57,RB
Blake Corum,2025,17,10.46,RB
Michael Carter,2025,17,10.18,RB
Zach Charbonnet,2025,17,10.03,RB
Tyjae Spears,2025,17,9.92,RB
Rhamondre Stevenson,2025,17,9.85,RB
Isiah Pacheco,2025,17,9.74,RB
Chuba Hubbard,2025,17,9.65,RB
Woody Marks,2025,17,9.44,RB
Rachaad White,2025,17,8.88,RB
Tyler Allgeier,2025,17,8.46,RB
Dylan Sampson,2025,17,8.16,RB
Jaylen Wright,2025,17,8.09,RB
Devin Singletary,2025,17,8.06,RB
David Montgomery,2025,17,7.86,RB
Jacory Croskey-Merritt,2025,17,7.82,RB
Samaje Perine,2025,17,7.21,RB
Kareem Hunt,2025,17,6.75,RB
Ty Johnson,2025,17,6.43,RB
Emanuel Wilson,2025,17,6.39,RB
Jaret Patterson,2025,17,6.24,RB
Emari Demercado,2025,17,6.24,RB
Raheim Sanders,2025,17,6.09,RB
Isaiah Davis,2025,17,6.02,RB
Audric Estimé,2025,17,5.91,RB
Keaton Mitchell,2025,17,5.65,RB
Nick Chubb,2025,17,5.64,RB
Trayveon Williams,2025,17,5.48,RB
Brian Robinson,2025,17,5.47,RB
Malik Davis,2025,17,5.35,RB
Jeremy McNichols,2025,17,5.14,RB
Tank Bigsby,2025,17,4.98,RB
Ameer Abdullah,2025,17,4.78,RB
Zamir White,2025,17,4.75,RB
Jaleel McLaughlin,2025,17,4.51,RB
Sean Tucker,2025,17,4.3,RB
D'Ernest Johnson,2025,17,4.23,RB
Cam Akers,2025,17,4.16,RB
Ray Davis,2025,17,4.16,RB
Khalil Herbert,2025,17,4.11,RB
Zavier Scott,2025,17,3.81,RB
Brashard Smith,2025,17,3.59,RB
Tyler Badie,2025,17,3.48,RB
Rasheen Ali,2025,17,3.43,RB
Ollie Gordon II,2025,17,3.27,RB
LeQuint Allen Jr.,2025,17,3.22,RB
Evan Hull,2025,17,3.11,RB
Hassan Haskins,2025,17,3.0,RB
Corey Kiner,2025,17,2.99,RB
Chris Brooks,2025,17,2.97,RB
Adam Prentice,2025,17,2.91,RB
Chase Edmonds,2025,17,2.88,RB
Ronnie Rivers,2025,17,2.8,RB
Hunter Luepke,2025,17,2.74,RB
Ty Chandler,2025,17,2.63,RB
Tahj Brooks,2025,17,2.42,RB
DeeJay Dallas,2025,17,2.03,RB
Julius Chestnut,2025,17,2.03,RB
Kalel Mullings,2025,17,1.87,RB
Trevor Etienne,2025,17,1.75,RB
Will Shipley,2025,17,1.53,RB
Dylan Laube,2025,17,1.45,RB
Kene Nwangwu,2025,17,1.2,RB
Travis Homer,2025,17,1.01,RB
Sione Vaki,2025,17,0.86,RB
Trey McBride,2025,17,15.58,TE
Kyle Pitts,2025,17,14.0,TE
Travis Kelce,2025,17,13.45,TE
Harold Fannin Jr.,2025,17,11.96,TE
Tyler Warren,2025,17,11.58,TE
Juwan Johnson,2025,17,9.99,TE
Evan Engram,2025,17,9.9,TE
Jake Ferguson,2025,17,9.79,TE
Dallas Goedert,2025,17,9.78,TE
Hunter Henry,2025,17,9.68,TE
Darren Waller,2025,17,9.42,TE
Dalton Schultz,2025,17,9.37,TE
Chig Okonkwo,2025,17,8.82,TE
AJ Barner,2025,17,8.82,TE
Mark Andrews,2025,17,8.47,TE
Cade Otton,2025,17,8.37,TE
Oronde Gadsden II,2025,17,8.14,TE
Pat Freiermuth,2025,17,8.03,TE
Brenton Strange,2025,17,7.93,TE
Colston Loveland,2025,17,7.92,TE
Mike Gesicki,2025,17,7.78,TE
Greg Dulcich,2025,17,7.51,TE
Colby Parkinson,2025,17,7.37,TE
Isaiah Likely,2025,17,7.28,TE
Dawson Knox,2025,17,7.1,TE
Jake Tonges,2025,17,6.77,TE
Gunnar Helm,2025,17,6.69,TE
Noah Fant,2025,17,6.51,TE
Elijah Higgins,2025,17,6.47,TE
Jonnu Smith,2025,17,6.26,TE
Taysom Hill,2025,17,5.62,TE
Tommy Tremble,2025,17,5.27,TE
Cole Kmet,2025,17,5.17,TE
Darnell Washington,2025,17,5.12,TE
Michael Mayer,2025,17,4.78,TE
Austin Hooper,2025,17,4.77,TE
Josh Oliver,2025,17,4.52,TE
Jeremy Ruckert,2025,17,4.41,TE
Terrance Ferguson,2025,17,4.37,TE
Anthony Firkser,2025,17,4.22,TE
Daniel Bellinger,2025,17,4.21,TE
Noah Gray,2025,17,4.2,TE
Stone Smartt,2025,17,4.12,TE
Jelani Woods,2025,17,4.09,TE
Tanner Hudson,2025,17,4.05,TE
Mitchell Evans,2025,17,4.04,TE
Will Dissly,2025,17,3.87,TE
Ben Sinnott,2025,17,3.71,TE
Johnny Mundt,2025,17,3.7,TE
Julian Hill,2025,17,3.65,TE
Adam Trautman,2025,17,3.48,TE
Luke Schoonmaker,2025,17,3.45,TE
Drew Sample,2025,17,3.19,TE
Mo Alie-Cox,2025,17,3.11,TE
Charlie Woerner,2025,17,2.95,TE
Josh Whyle,2025,17,2.9,TE
Ben Sims,2025,17,2.76,TE
Teagan Quitoriano,2025,17,2.68,TE
Grant Calcaterra,2025,17,2.65,TE
Charlie Kolar,2025,17,2.31,TE
Moliki Matavao,2025,17,2.28,TE
Sal Cannella,2025,17,2.14,TE
Brenden Bates,2025,17,2.08,TE
Will Mallory,2025,17,2.06,TE
Durham Smythe,2025,17,2.01,TE
Quintin Morris,2025,17,1.94,TE
Kylen Granson,2025,17,1.94,TE
Keleki Latu,2025,17,1.9,TE
Josiah Deguara,2025,17,1.85,TE
Connor Heyward,2025,17,1.85,TE
Giovanni Ricci,2025,17,1.69,TE
Brevyn Spann-Ford,2025,17,1.6,TE
Eric Saubert,2025,17,1.53,TE
Blake Whiteheart,2025,17,1.37,TE
David Martin-Robinson,2025,17,1.15,TE
Brayden Willis,2025,17,0.71,TE
Ja'Marr Chase,2025,17,20.92,WR
Puka Nacua,2025,17,19.13,WR
Amon-Ra St. Brown,2025,17,18.68,WR
CeeDee Lamb,2025,17,16.61,WR
Drake London,2025,17,16.22,WR
Jaxon Smith-Njigba,2025,17,15.84,WR
A.J. Brown,2025,17,15.26,WR
Zay Flowers,2025,17,14.44,WR
Justin Jefferson,2025,17,14.3,WR
Chris Olave,2025,17,14.06,WR
Tee Higgins,2025,17,14.05,WR
George Pickens,2025,17,13.93,WR
Jaylen Waddle,2025,17,13.62,WR
Mike Evans,2025,17,13.52,WR
DeVonta Smith,2025,17,13.49,WR
Ladd McConkey,2025,17,13.48,WR
Wan'Dale Robinson,2025,17,13.34,WR
Jameson Williams,2025,17,13.15,WR
Terry McLaurin,2025,17,12.91,WR
Courtland Sutton,2025,17,12.9,WR
Stefon Diggs,2025,17,12.75,WR
Tetairoa McMillan,2025,17,12.75,WR
Jakobi Meyers,2025,17,12.71,WR
Chris Godwin Jr.,2025,17,12.69,WR
Nico Collins,2025,17,12.69,WR
Emeka Egbuka,2025,17,12.55,WR
Jauan Jennings,2025,17,12.38,WR
DJ Moore,2025,17,12.2,WR
Michael Pittman,2025,17,12.18,WR
Keenan Allen,2025,17,11.97,WR
Michael Wilson,2025,17,11.94,WR
Deebo Samuel Sr.,2025,17,11.76,WR
Brian Thomas Jr.,2025,17,11.66,WR
Alec Pierce,2025,17,11.36,WR
Quentin Johnston,2025,17,11.08,WR
Marvin Harrison Jr.,2025,17,11.01,WR
Rashid Shaheed,2025,17,10.87,WR
Khalil Shakir,2025,17,10.64,WR
Jordan Addison,2025,17,10.45,WR
Christian Watson,2025,17,9.99,WR
Jayden Reed,2025,17,9.94,WR
Luther Burden III,2025,17,9.94,WR
Cooper Kupp,2025,17,9.66,WR
Parker Washington,2025,17,9.56,WR
Josh Downs,2025,17,9.55,WR
Jerry Jeudy,2025,17,9.45,WR
Xavier Worthy,2025,17,9.38,WR
Tre Tucker,2025,17,9.29,WR
Romeo Doubs,2025,17,9.24,WR
Troy Franklin,2025,17,9.22,WR
Adonai Mitchell,2025,17,8.89,WR
Ricky Pearsall,2025,17,8.84,WR
Chimere Dike,2025,17,8.56,WR
Jalen Coker,2025,17,8.39,WR
Jalen McMillan,2025,17,8.18,WR
Marquise Brown,2025,17,7.63,WR
Darius Slayton,2025,17,7.61,WR
Darnell Mooney,2025,17,7.55,WR
Kendrick Bourne,2025,17,7.46,WR
John Metchie III,2025,17,7.26,WR
Malik Washington,2025,17,7.06,WR
Elic Ayomanor,2025,17,7.01,WR
Theo Wease Jr.,2025,17,6.91,WR
Kalif Raymond,2025,17,6.8,WR
Dontayvion Wicks,2025,17,6.79,WR
Jalen Nailor,2025,17,6.74,WR
Christian Kirk,2025,17,6.71,WR
DeAndre Hopkins,2025,17,6.65,WR
Tre Harris,2025,17,6.59,WR
Xavier Legette,2025,17,6.57,WR
Marvin Mims Jr.,2025,17,6.31,WR
Jayden Higgins,2025,17,6.3,WR
KaVontae Turpin,2025,17,6.23,WR
Van Jefferson,2025,17,6.05,WR
Tyrell Shavers,2025,17,5.86,WR
Isaac TeSlaa,2025,17,5.84,WR
David Sills,2025,17,5.81,WR
DeMario Douglas,2025,17,5.79,WR
Tutu Atwell,2025,17,5.77,WR
Isaiah Williams,2025,17,5.54,WR
Matthew Golden,2025,17,5.47,WR
Tyler Lockett,2025,17,5.44,WR
Andrei Iosivas,2025,17,5.39,WR
Treylon Burks,2025,17,5.32,WR
JuJu Smith-Schuster,2025,17,5.23,WR
Tim Patrick,2025,17,5.19,WR
Isaiah Hodgins,2025,17,5.18,WR
Adam Thielen,2025,17,5.17,WR
Gabe Davis,2025,17,5.11,WR
Isaiah Bond,2025,17,5.1,WR
Josh Palmer,2025,17,4.98,WR
Demarcus Robinson,2025,17,4.78,WR
Tez Johnson,2025,17,4.72,WR
Tyler Johnson,2025,17,4.64,WR
Xavier Hutchinson,2025,17,4.62,WR
Konata Mumpfield,2025,17,4.61,WR
Cedric Tillman,2025,17,4.53,WR
Malachi Corley,2025,17,4.5,WR
Brandin Cooks,2025,17,4.36,WR
Lil'Jordan Humphrey,2025,17,4.29,WR
Rashod Bateman,2025,17,4.22,WR
Jahan Dotson,2025,17,4.17,WR
Marquez Valdes-Scantling,2025,17,4.16,WR
Dont'e Thornton Jr.,2025,17,4.09,WR
Dylan Drummond,2025,17,3.98,WR
Chris Moore,2025,17,3.9,WR
Jordan Whittington,2025,17,3.88,WR
Darius Cooper,2025,17,3.86,WR
Kevin Austin Jr.,2025,17,3.75,WR
Jimmy Horn Jr.,2025,17,3.75,WR
Scott Miller,2025,17,3.74,WR
River Cracraft,2025,17,3.72,WR
Xavier Smith,2025,17,3.72,WR
Kyle Williams,2025,17,3.62,WR
Jalen Tolbert,2025,17,3.6,WR
Shedrick Jackson,2025,17,3.59,WR
Jahdae Walker,2025,17,3.36,WR
Xavier Weaver,2025,17,3.27,WR
Ashton Dulin,2025,17,3.02,WR
Cedrick Wilson Jr.,2025,17,2.9,WR
Michael Bandy,2025,17,2.84,WR
Chris Blair,2025,17,2.83,WR
Jonathan Mingo,2025,17,2.75,WR
Arian Smith,2025,17,2.66,WR
KeAndre Lambert-Smith,2025,17,2.62,WR
Ronnie Bell,2025,17,2.46,WR
Gage Larvadain,2025,17,2.44,WR
Jaylin Noel,2025,17,2.15,WR
James Proche,2025,17,2.13,WR
Skyy Moore,2025,17,2.1,WR
Steven Sims,2025,17,2.04,WR
Mason Kinsey,2025,17,1.94,WR
Deven Thompkins,2025,17,1.82,WR
Tom Kennedy,2025,17,1.65,WR
Dareke Young,2025,17,1.63,WR
Brycen Tremayne,2025,17,1.57,WR
Alex Bachman,2025,17,1.54,WR
Dante Pettis,2025,17,1.45,WR
Myles Price,2025,17,1.38,WR
Gunner Olszewski,2025,17,1.27,WR
Jake Bobo,2025,17,1.25,WR
Devin Duvernay,2025,17,1.24,WR
Kameron Johnson,2025,17,1.2,WR
Laquon Treadwell,2025,17,0.87,WR
Britain Covey,2025,17,0.86,WR
Ke'Shawn Williams,2025,17,0.86,WR
LaJohntay Wester,2025,17,0.51,WR
Efton Chism III,2025,17,0.47,WR
HOU,2025,18,8.59,DEF
BUF,2025,18,8.29,DEF
PHI,2025,18,8.02,DEF
LAC,2025,18,7.97,DEF
MIN,2025,18,7.85,DEF
DEN,2025,18,7.65,DEF
BAL,2025,18,7.26,DEF
JAX,2025,18,7.25,DEF
PIT,2025,18,7.15,DEF
LA,2025,18,7.1,DEF
NE,2025,18,6.91,DEF
SEA,2025,18,6.8,DEF
KC,2025,18,6.65,DEF
GB,2025,18,6.64,DEF
CHI,2025,18,6.42,DEF
WAS,2025,18,6.35,DEF
CIN,2025,18,6.34,DEF
IND,2025,18,6.2,DEF
DAL,2025,18,6.11,DEF
ATL,2025,18,6.1,DEF
TB,2025,18,5.98,DEF
NO,2025,18,5.96,DEF
SF,2025,18,5.96,DEF
CLE,2025,18,5.85,DEF
LV,2025,18,5.81,DEF
CAR,2025,18,5.74,DEF
NYJ,2025,18,5.65,DEF
DET,2025,18,5.55,DEF
NYG,2025,18,5.4,DEF
TEN,2025,18,5.24,DEF
MIA,2025,18,5.2,DEF
ARI,2025,18,4.44,DEF
Ka'imi Fairbairn,2025,18,9.4,K
Harrison Mevis,2025,18,9.26,K
Zane Gonzalez,2025,18,9.05,K
Charlie Smyth,2025,18,8.77,K
Eddy Pineiro,2025,18,8.76,K
Will Reichard,2025,18,8.75,K
Andy Borregales,2025,18,8.71,K
Matt Prater,2025,18,8.62,K
Evan McPherson,2025,18,8.58,K
Cam Little,2025,18,8.55,K
Wil Lutz,2025,18,8.41,K
Cairo Santos,2025,18,8.35,K
Chase McLaughlin,2025,18,8.31,K
Jake Bates,2025,18,8.28,K
Brandon Aubrey,2025,18,8.25,K
Harrison Butker,2025,18,8.24,K
Ben Sauls,2025,18,8.17,K
Cameron Dicker,2025,18,8.13,K
Andre Szmyt,2025,18,7.97,K
Daniel Carlson,2025,18,7.9,K
Jason Myers,2025,18,7.86,K
Jake Elliott,2025,18,7.82,K
Brandon McManus,2025,18,7.76,K
Riley Patterson,2025,18,7.64,K
Ryan Fitzgerald,2025,18,7.54,K
Chris Boswell,2025,18,7.4,K
Tyler Loop,2025,18,7.4,K
Jake Moody,2025,18,7.38,K
Chad Ryland,2025,18,7.37,K
Blake Grupe,2025,18,7.31,K
Joey Slye,2025,18,7.25,K
Brock Purdy,2025,18,19.69,QB
Matthew Stafford,2025,18,19.04,QB
Drake Maye,2025,18,18.93,QB
Joe Burrow,2025,18,18.64,QB
Trevor Lawrence,2025,18,18.03,QB
Baker Mayfield,2025,18,17.77,QB
Lamar Jackson,2025,18,17.59,QB
Bo Nix,2025,18,17.5,QB
Dak Prescott,2025,18,16.77,QB
Caleb Williams,2025,18,16.71,QB
Jared Goff,2025,18,16.26,QB
Aaron Rodgers,2025,18,15.48,QB
Jaxson Dart,2025,18,15.23,QB
Kirk Cousins,2025,18,15.13,QB
C.J. Stroud,2025,18,13.9,QB
Tyler Shough,2025,18,13.87,QB
Jacoby Brissett,2025,18,13.84,QB
Sam Darnold,2025,18,13.78,QB
J.J. McCarthy,2025,18,12.86,QB
Bryce Young,2025,18,12.83,QB
Cam Ward,2025,18,12.28,QB
Davis Mills,2025,18,11.96,QB
Shedeur Sanders,2025,18,11.75,QB
Joe Flacco,2025,18,10.87,QB
Quinn Ewers,2025,18,10.05,QB
Brady Cook,2025,18,8.79,QB
Aidan O'Connell,2025,18,8.42,QB
Josh Johnson,2025,18,7.65,QB
Chris Oladokun,2025,18,6.42,QB
Kenny Pickett,2025,18,5.2,QB
Max Brosmer,2025,18,4.98,QB
Joe Milton III,2025,18,4.83,QB
Trey Lance,2025,18,4.5,QB
Tanner McKee,2025,18,4.5,QB
Zach Wilson,2025,18,3.64,QB
Riley Leonard,2025,18,3.63,QB
Mitchell Trubisky,2025,18,3.58,QB
Jimmy Garoppolo,2025,18,3.38,QB
Clayton Tune,2025,18,3.2,QB
Shane Buechele,2025,18,2.62,QB
Brandon Allen,2025,18,2.43,QB
Joshua Dobbs,2025,18,2.27,QB
Nick Mullens,2025,18,2.09,QB
Bijan Robinson,2025,18,22.75,RB
Christian McCaffrey,2025,18,20.13,RB
James Cook,2025,18,17.57,RB
Chase Brown,2025,18,17.38,RB
Derrick Henry,2025,18,17.3,RB
Jonathan Taylor,2025,18,16.84,RB
Jahmyr Gibbs,2025,18,16.58,RB
Kyren Williams,2025,18,16.49,RB
Ashton Jeanty,2025,18,14.48,RB
Travis Etienne,2025,18,14.04,RB
D'Andre Swift,2025,18,14.02,RB
Bucky Irving,2025,18,13.81,RB
RJ Harvey,2025,18,13.73,RB
TreVeyon Henderson,2025,18,12.63,RB
Tony Pollard,2025,18,12.39,RB
Jaylen Warren,2025,18,12.36,RB
Kenneth Walker III,2025,18,12.01,RB
Rico Dowdle,2025,18,11.93,RB
Kenneth Gainwell,2025,18,11.9,RB
Rhamondre Stevenson,2025,18,11.69,RB
Woody Marks,2025,18,11.57,RB
Tyrone Tracy Jr.,2025,18,11.17,RB
Zach Charbonnet,2025,18,10.96,RB
Jawhar Jordan,2025,18,10.65,RB
Kyle Monangai,2025,18,10.54,RB
Michael Carter,2025,18,9.74,RB
Devin Singletary,2025,18,9.58,RB
Audric Estimé,2025,18,8.87,RB
Jacory Croskey-Merritt,2025,18,8.82,RB
Tyjae Spears,2025,18,8.6,RB
Dylan Sampson,2025,18,7.95,RB
Chris Rodriguez Jr.,2025,18,7.81,RB
Chuba Hubbard,2025,18,7.6,RB
Tyler Allgeier,2025,18,7.41,RB
David Montgomery,2025,18,7.36,RB
Blake Corum,2025,18,7.26,RB
Rachaad White,2025,18,7.25,RB
Jordan Mason,2025,18,7.1,RB
Kimani Vidal,2025,18,7.04,RB
Emari Demercado,2025,18,6.48,RB
Ty Johnson,2025,18,6.47,RB
Jaylen Wright,2025,18,6.17,RB
Samaje Perine,2025,18,6.1,RB
Keaton Mitchell,2025,18,5.9,RB
Raheim Sanders,2025,18,5.72,RB
Hunter Luepke,2025,18,5.63,RB
Kareem Hunt,2025,18,5.61,RB
Bhayshul Tuten,2025,18,5.48,RB
Emanuel Wilson,2025,18,5.26,RB
Jaleel McLaughlin,2025,18,5.24,RB
Jaydon Blue,2025,18,5.08,RB
Jeremy McNichols,2025,18,4.92,RB
Brian Robinson,2025,18,4.81,RB
Tank Bigsby,2025,18,4.77,RB
Sean Tucker,2025,18,4.32,RB
Ameer Abdullah,2025,18,4.26,RB
Ray Davis,2025,18,4.03,RB
Khalil Herbert,2025,18,3.95,RB
D'Ernest Johnson,2025,18,3.85,RB
AJ Dillon,2025,18,3.73,RB
Zamir White,2025,18,3.62,RB
Brashard Smith,2025,18,3.62,RB
Adam Prentice,2025,18,3.53,RB
Jaret Patterson,2025,18,3.49,RB
Nyheim Hines,2025,18,3.45,RB
Cam Akers,2025,18,3.34,RB
Rasheen Ali,2025,18,3.34,RB
Trayveon Williams,2025,18,3.26,RB
Dare Ogunbowale,2025,18,3.25,RB
DJ Giddens,2025,18,3.21,RB
Zavier Scott,2025,18,3.15,RB
Tyler Badie,2025,18,3.07,RB
Dameon Pierce,2025,18,3.03,RB
Ty Chandler,2025,18,3.0,RB
Kene Nwangwu,2025,18,2.96,RB
Ronnie Rivers,2025,18,2.89,RB
Evan Hull,2025,18,2.89,RB
Ollie Gordon II,2025,18,2.69,RB
Corey Kiner,2025,18,2.66,RB
Chris Brooks,2025,18,2.53,RB
DeeJay Dallas,2025,18,2.52,RB
Will Shipley,2025,18,2.39,RB
Tyler Goodson,2025,18,2.37,RB
Phil Mafah,2025,18,2.27,RB
Hassan Haskins,2025,18,2.17,RB
Andrew Beck,2025,18,2.12,RB
Dylan Laube,2025,18,1.49,RB
Julius Chestnut,2025,18,1.26,RB
Trevor Etienne,2025,18,1.11,RB
Travis Homer,2025,18,1.08,RB
British Brooks,2025,18,1.06,RB
Sione Vaki,2025,18,0.83,RB
Trey McBride,2025,18,14.23,TE
George Kittle,2025,18,13.99,TE
Kyle Pitts,2025,18,13.21,TE
Travis Kelce,2025,18,13.03,TE
Tyler Warren,2025,18,10.9,TE
Dalton Schultz,2025,18,9.94,TE
Juwan Johnson,2025,18,9.77,TE
Evan Engram,2025,18,9.75,TE
Hunter Henry,2025,18,9.7,TE
Colston Loveland,2025,18,9.45,TE
Mark Andrews,2025,18,9.37,TE
Chig Okonkwo,2025,18,9.31,TE
Jake Ferguson,2025,18,8.69,TE
Cade Otton,2025,18,8.42,TE
AJ Barner,2025,18,8.4,TE
Greg Dulcich,2025,18,8.39,TE
Dalton Kincaid,2025,18,8.21,TE
Colby Parkinson,2025,18,7.98,TE
Oronde Gadsden II,2025,18,7.92,TE
Pat Freiermuth,2025,18,7.91,TE
Dawson Knox,2025,18,7.86,TE
Brenton Strange,2025,18,7.79,TE
Jonnu Smith,2025,18,7.6,TE
Tyler Higbee,2025,18,7.46,TE
Mike Gesicki,2025,18,7.4,TE
Michael Mayer,2025,18,7.37,TE
Isaiah Likely,2025,18,7.28,TE
Cole Kmet,2025,18,5.61,TE
Noah Fant,2025,18,5.53,TE
Sal Cannella,2025,18,5.23,TE
Austin Hooper,2025,18,4.96,TE
Tommy Tremble,2025,18,4.95,TE
Taysom Hill,2025,18,4.73,TE
Davis Allen,2025,18,4.57,TE
Daniel Bellinger,2025,18,4.4,TE
Cade Stover,2025,18,4.35,TE
Elijah Higgins,2025,18,4.34,TE
Josh Oliver,2025,18,4.32,TE
Noah Gray,2025,18,4.19,TE
Mitchell Evans,2025,18,4.16,TE
Tyler Conklin,2025,18,3.94,TE
Johnny Mundt,2025,18,3.77,TE
Jackson Hawes,2025,18,3.68,TE
Will Dissly,2025,18,3.65,TE
Luke Schoonmaker,2025,18,3.61,TE
Ben Sinnott,2025,18,3.57,TE
Julian Hill,2025,18,3.37,TE
Mo Alie-Cox,2025,18,3.29,TE
Drake Dabney,2025,18,3.24,TE
Anthony Firkser,2025,18,3.02,TE
Drew Sample,2025,18,2.81,TE
Josh Whyle,2025,18,2.77,TE
Ben Sims,2025,18,2.76,TE
John Bates,2025,18,2.53,TE
Grant Calcaterra,2025,18,2.42,TE
Durham Smythe,2025,18,2.22,TE
Kylen Granson,2025,18,2.2,TE
Jared Wiley,2025,18,2.15,TE
Connor Heyward,2025,18,2.1,TE
Pharaoh Brown,2025,18,2.05,TE
Brenden Bates,2025,18,2.04,TE
Ben Yurosek,2025,18,1.99,TE
Brevyn Spann-Ford,2025,18,1.96,TE
Eric Saubert,2025,18,1.95,TE
Payne Durham,2025,18,1.91,TE
Chris Manhertz,2025,18,1.78,TE
Quintin Morris,2025,18,1.78,TE
Keleki Latu,2025,18,1.68,TE
Blake Whiteheart,2025,18,1.65,TE
Josiah Deguara,2025,18,1.63,TE
Jack Westover,2025,18,1.53,TE
David Martin-Robinson,2025,18,1.33,TE
Cameron Latu,2025,18,1.22,TE
Nikola Kalinic,2025,18,1.04,TE
Feleipe Franks,2025,18,0.93,TE
Puka Nacua,2025,18,20.89,WR
Ja'Marr Chase,2025,18,20.18,WR
CeeDee Lamb,2025,18,17.67,WR
Amon-Ra St. Brown,2025,18,17.53,WR
Drake London,2025,18,16.41,WR
Jaxon Smith-Njigba,2025,18,15.94,WR
George Pickens,2025,18,14.79,WR
Justin Jefferson,2025,18,14.6,WR
Zay Flowers,2025,18,14.3,WR
Tee Higgins,2025,18,14.11,WR
Chris Godwin Jr.,2025,18,14.1,WR
Stefon Diggs,2025,18,14.03,WR
Jameson Williams,2025,18,14.01,WR
Courtland Sutton,2025,18,13.6,WR
Terry McLaurin,2025,18,13.29,WR
DeVonta Smith,2025,18,13.05,WR
Jakobi Meyers,2025,18,12.94,WR
Tetairoa McMillan,2025,18,12.88,WR
Mike Evans,2025,18,12.73,WR
Brian Thomas Jr.,2025,18,12.35,WR
Deebo Samuel Sr.,2025,18,12.2,WR
DJ Moore,2025,18,12.18,WR
Michael Wilson,2025,18,11.77,WR
Emeka Egbuka,2025,18,11.35,WR
Jauan Jennings,2025,18,11.17,WR
Jordan Addison,2025,18,10.67,WR
Luther Burden III,2025,18,10.63,WR
Keenan Allen,2025,18,10.57,WR
Jerry Jeudy,2025,18,10.46,WR
Michael Pittman,2025,18,10.37,WR
Parker Washington,2025,18,10.19,WR
Alec Pierce,2025,18,10.0,WR
Jalen McMillan,2025,18,9.99,WR
Troy Franklin,2025,18,9.85,WR
Tre Tucker,2025,18,9.7,WR
Rashid Shaheed,2025,18,9.5,WR
Chimere Dike,2025,18,8.76,WR
Cooper Kupp,2025,18,8.7,WR
Josh Downs,2025,18,8.65,WR
Adonai Mitchell,2025,18,8.62,WR
Jayden Higgins,2025,18,8.54,WR
Elic Ayomanor,2025,18,8.53,WR
Keon Coleman,2025,18,8.36,WR
Christian Kirk,2025,18,8.26,WR
Darnell Mooney,2025,18,8.14,WR
Pat Bryant,2025,18,8.1,WR
Ryan Flournoy,2025,18,7.94,WR
Jalen Coker,2025,18,7.86,WR
Marquise Brown,2025,18,7.77,WR
Darius Slayton,2025,18,7.71,WR
Kayshon Boutte,2025,18,7.55,WR
Kendrick Bourne,2025,18,7.52,WR
Marvin Mims Jr.,2025,18,7.38,WR
Theo Wease Jr.,2025,18,7.37,WR
David Sills,2025,18,6.94,WR
Jack Bech,2025,18,6.94,WR
Kevin Austin Jr.,2025,18,6.65,WR
Xavier Smith,2025,18,6.6,WR
KaVontae Turpin,2025,18,6.59,WR
Isaac TeSlaa,2025,18,6.54,WR
Jalen Tolbert,2025,18,6.48,WR
John Metchie III,2025,18,6.31,WR
Andrei Iosivas,2025,18,6.19,WR
Kyle Williams,2025,18,6.1,WR
Isaiah Williams,2025,18,6.07,WR
Malik Washington,2025,18,5.99,WR
Adam Thielen,2025,18,5.96,WR
Marquez Valdes-Scantling,2025,18,5.82,WR
DeMario Douglas,2025,18,5.74,WR
JuJu Smith-Schuster,2025,18,5.66,WR
Tez Johnson,2025,18,5.64,WR
Konata Mumpfield,2025,18,5.54,WR
Jalen Nailor,2025,18,5.5,WR
Scott Miller,2025,18,5.28,WR
DeAndre Hopkins,2025,18,5.25,WR
Tyler Lockett,2025,18,5.16,WR
Tre Harris,2025,18,5.03,WR
Matthew Golden,2025,18,5.02,WR
Josh Palmer,2025,18,4.98,WR
Isaiah Hodgins,2025,18,4.92,WR
Xavier Hutchinson,2025,18,4.91,WR
Demarcus Robinson,2025,18,4.85,WR
Cedric Tillman,2025,18,4.85,WR
Tutu Atwell,2025,18,4.81,WR
Calvin Austin III,2025,18,4.73,WR
Xavier Legette,2025,18,4.68,WR
Isaiah Bond,2025,18,4.67,WR
Dont'e Thornton Jr.,2025,18,4.64,WR
Shedrick Jackson,2025,18,4.54,WR
Kalif Raymond,2025,18,4.43,WR
Treylon Burks,2025,18,4.36,WR
Jaylin Noel,2025,18,4.36,WR
Tim Patrick,2025,18,4.34,WR
Jimmy Horn Jr.,2025,18,4.28,WR
Justin Watson,2025,18,4.26,WR
Tahj Washington,2025,18,4.26,WR
Dyami Brown,2025,18,4.19,WR
Jahan Dotson,2025,18,4.06,WR
Dante Pettis,2025,18,4.05,WR
Gabe Davis,2025,18,3.94,WR
Jahdae Walker,2025,18,3.75,WR
Malachi Corley,2025,18,3.56,WR
James Proche,2025,18,3.42,WR
Darius Cooper,2025,18,3.35,WR
Cedrick Wilson Jr.,2025,18,3.12,WR
Samori Toure,2025,18,2.94,WR
Jalen Brooks,2025,18,2.92,WR
Dylan Drummond,2025,18,2.73,WR
Arian Smith,2025,18,2.7,WR
Jonathan Mingo,2025,18,2.57,WR
Devontez Walker,2025,18,2.57,WR
Mason Kinsey,2025,18,2.55,WR
Jakobie Keeney-James,2025,18,2.47,WR
Jeshaun Jones,2025,18,2.41,WR
Nick Westbrook-Ikhine,2025,18,2.39,WR
Efton Chism III,2025,18,2.35,WR
Jordan Whittington,2025,18,2.32,WR
KeAndre Lambert-Smith,2025,18,2.21,WR
River Cracraft,2025,18,2.11,WR
Quentin Skinner,2025,18,2.06,WR
Brycen Tremayne,2025,18,1.93,WR
Gage Larvadain,2025,18,1.91,WR
Ashton Dulin,2025,18,1.9,WR
Ke'Shawn Williams,2025,18,1.87,WR
Tai Felton,2025,18,1.86,WR
Gunner Olszewski,2025,18,1.75,WR
Deven Thompkins,2025,18,1.56,WR
Skyy Moore,2025,18,1.5,WR
Tom Kennedy,2025,18,1.46,WR
Ronnie Bell,2025,18,1.43,WR
Steven Sims,2025,18,1.4,WR
Ben Skowronek,2025,18,1.39,WR
Jalen Royals,2025,18,1.39,WR
Kameron Johnson,2025,18,1.34,WR
Devin Duvernay,2025,18,1.32,WR
Dalen Cambre,2025,18,1.3,WR
Derius Davis,2025,18,1.18,WR
Alex Bachman,2025,18,1.12,WR
Britain Covey,2025,18,1.03,WR
LaJohntay Wester,2025,18,0.65,WR
LA,2025,19,7.77,DEF
HOU,2025,19,7.68,DEF
PHI,2025,19,7.24,DEF
PIT,2025,19,7.04,DEF
GB,2025,19,6.64,DEF
NE,2025,19,6.43,DEF
CHI,2025,19,6.26,DEF
JAX,2025,19,6.12,DEF
SF,2025,19,5.97,DEF
CAR,2025,19,5.9,DEF
LAC,2025,19,5.9,DEF
BUF,2025,19,5.74,DEF
Harrison Mevis,2025,19,8.99,K
Andy Borregales,2025,19,8.75,K
Cam Little,2025,19,8.57,K
Jake Elliott,2025,19,8.23,K
Cameron Dicker,2025,19,8.18,K
Matt Prater,2025,19,8.13,K
Eddy Pineiro,2025,19,8.09,K
Chris Boswell,2025,19,7.87,K
Brandon McManus,2025,19,7.78,K
Ka'imi Fairbairn,2025,19,7.61,K
Cairo Santos,2025,19,7.59,K
Ryan Fitzgerald,2025,19,7.29,K
Josh Allen,2025,19,21.35,QB
Drake Maye,2025,19,18.07,QB
Trevor Lawrence,2025,19,17.91,QB
Jalen Hurts,2025,19,17.68,QB
Matthew Stafford,2025,19,17.63,QB
Brock Purdy,2025,19,16.85,QB
Caleb Williams,2025,19,16.59,QB
Aaron Rodgers,2025,19,16.16,QB
Justin Herbert,2025,19,15.28,QB
Jordan Love,2025,19,13.63,QB
C.J. Stroud,2025,19,13.41,QB
Bryce Young,2025,19,12.87,QB
Mason Rudolph,2025,19,7.31,QB
Christian McCaffrey,2025,19,19.63,RB
Saquon Barkley,2025,19,16.89,RB
Kyren Williams,2025,19,14.26,RB
Jaylen Warren,2025,19,14.21,RB
Rhamondre Stevenson,2025,19,13.93,RB
Omarion Hampton,2025,19,13.81,RB
D'Andre Swift,2025,19,12.86,RB
James Cook,2025,19,12.79,RB
Kenneth Gainwell,2025,19,12.5,RB
Travis Etienne,2025,19,12.34,RB
Josh Jacobs,2025,19,11.77,RB
TreVeyon Henderson,2025,19,11.6,RB
Rico Dowdle,2025,19,11.41,RB
Woody Marks,2025,19,9.55,RB
Ray Davis,2025,19,9.25,RB
Blake Corum,2025,19,8.81,RB
Kyle Monangai,2025,19,8.02,RB
Tank Bigsby,2025,19,7.75,RB
Chuba Hubbard,2025,19,7.19,RB
Emanuel Wilson,2025,19,6.67,RB
Kimani Vidal,2025,19,6.34,RB
Jaret Patterson,2025,19,5.48,RB
Bhayshul Tuten,2025,19,5.36,RB
Chris Brooks,2025,19,5.3,RB
Nick Chubb,2025,19,4.85,RB
Brian Robinson,2025,19,4.21,RB
British Brooks,2025,19,3.63,RB
Will Shipley,2025,19,3.08,RB
LeQuint Allen Jr.,2025,19,2.82,RB
Jarquez Hunter,2025,19,2.53,RB
Frank Gore Jr.,2025,19,2.29,RB
Hassan Haskins,2025,19,1.96,RB
Ronnie Rivers,2025,19,1.52,RB
Trevor Etienne,2025,19,1.48,RB
George Kittle,2025,19,15.32,TE
Colston Loveland,2025,19,11.37,TE
Dallas Goedert,2025,19,10.99,TE
Hunter Henry,2025,19,9.83,TE
Dalton Schultz,2025,19,9.45,TE
Dalton Kincaid,2025,19,9.0,TE
Jake Tonges,2025,19,8.73,TE
Brenton Strange,2025,19,8.57,TE
Colby Parkinson,2025,19,8.32,TE
Pat Freiermuth,2025,19,8.23,TE
Tyler Higbee,2025,19,8.18,TE
Oronde Gadsden II,2025,19,8.14,TE
Dawson Knox,2025,19,7.9,TE
Jonnu Smith,2025,19,7.27,TE
Luke Musgrave,2025,19,6.09,TE
Cole Kmet,2025,19,5.7,TE
Tommy Tremble,2025,19,5.16,TE
Austin Hooper,2025,19,4.77,TE
Mitchell Evans,2025,19,4.13,TE
Cade Stover,2025,19,3.68,TE
Jackson Hawes,2025,19,3.38,TE
Josh Whyle,2025,19,2.87,TE
James Mitchell,2025,19,2.74,TE
Jack Westover,2025,19,2.66,TE
Luke Farrell,2025,19,2.47,TE
Durham Smythe,2025,19,2.17,TE
Tucker Fisk,2025,19,2.0,TE
Puka Nacua,2025,19,19.27,WR
A.J. Brown,2025,19,14.79,WR
Davante Adams,2025,19,13.61,WR
Nico Collins,2025,19,13.61,WR
Stefon Diggs,2025,19,13.48,WR
Tetairoa McMillan,2025,19,13.46,WR
DK Metcalf,2025,19,12.85,WR
Jakobi Meyers,2025,19,12.53,WR
DeVonta Smith,2025,19,12.48,WR
Brian Thomas Jr.,2025,19,12.17,WR
Ladd McConkey,2025,19,11.57,WR
Jauan Jennings,2025,19,11.38,WR
Christian Watson,2025,19,11.19,WR
Quentin Johnston,2025,19,11.15,WR
Keenan Allen,2025,19,11.03,WR
Parker Washington,2025,19,10.83,WR
Rome Odunze,2025,19,10.48,WR
DJ Moore,2025,19,10.36,WR
Jayden Reed,2025,19,10.19,WR
Khalil Shakir,2025,19,10.16,WR
Luther Burden III,2025,19,10.13,WR
Romeo Doubs,2025,19,9.61,WR
Jalen Coker,2025,19,8.58,WR
Keon Coleman,2025,19,8.36,WR
Jayden Higgins,2025,19,8.26,WR
Kayshon Boutte,2025,19,8.07,WR
Xavier Hutchinson,2025,19,7.46,WR
Adam Thielen,2025,19,7.16,WR
Olamide Zaccheaus,2025,19,6.57,WR
Tyrell Shavers,2025,19,6.52,WR
Tre Harris,2025,19,6.52,WR
Christian Kirk,2025,19,6.28,WR
Marquez Valdes-Scantling,2025,19,6.27,WR
Calvin Austin III,2025,19,6.26,WR
Brandin Cooks,2025,19,6.24,WR
Gabe Davis,2025,19,6.21,WR
Xavier Legette,2025,19,6.21,WR
DeMario Douglas,2025,19,5.99,WR
Jahan Dotson,2025,19,5.93,WR
Matthew Golden,2025,19,5.91,WR
Demarcus Robinson,2025,19,5.7,WR
Darius Cooper,2025,19,4.85,WR
Xavier Smith,2025,19,4.41,WR
Jimmy Horn Jr.,2025,19,4.01,WR
Jaylin Noel,2025,19,3.86,WR
Kyle Williams,2025,19,3.8,WR
Konata Mumpfield,2025,19,3.75,WR
Tim Patrick,2025,19,3.45,WR
Britain Covey,2025,19,3.22,WR
Brycen Tremayne,2025,19,2.88,WR
Efton Chism III,2025,19,2.87,WR
Skyy Moore,2025,19,1.42,WR
Derius Davis,2025,19,1.41,WR
Malik Turner,2025,19,1.2,WR
Ben Skowronek,2025,19,1.13,WR
Devin Duvernay,2025,19,1.06,WR
HOU,2025,20,7.11,DEF
NE,2025,20,6.96,DEF
SEA,2025,20,6.91,DEF
BUF,2025,20,6.62,DEF
DEN,2025,20,6.53,DEF
LA,2025,20,6.16,DEF
CHI,2025,20,6.01,DEF
SF,2025,20,5.81,DEF
Jason Myers,2025,20,8.71,K
Harrison Mevis,2025,20,8.71,K
Ka'imi Fairbairn,2025,20,8.31,K
Matt Prater,2025,20,8.18,K
Andy Borregales,2025,20,8.16,K
Wil Lutz,2025,20,7.83,K
Eddy Pineiro,2025,20,7.77,K
Cairo Santos,2025,20,7.42,K
Josh Allen,2025,20,21.92,QB
Matthew Stafford,2025,20,17.42,QB
Drake Maye,2025,20,17.08,QB
Bo Nix,2025,20,17.07,QB
Caleb Williams,2025,20,16.42,QB
Brock Purdy,2025,20,15.96,QB
Sam Darnold,2025,20,14.86,QB
C.J. Stroud,2025,20,13.2,QB
Mac Jones,2025,20,6.17,QB
Christian McCaffrey,2025,20,20.88,RB
Kyren Williams,2025,20,14.94,RB
Rhamondre Stevenson,2025,20,14.9,RB
Kenneth Walker III,2025,20,14.48,RB
James Cook,2025,20,14.02,RB
D'Andre Swift,2025,20,13.27,RB
Zach Charbonnet,2025,20,12.91,RB
RJ Harvey,2025,20,11.26,RB
Woody Marks,2025,20,11.14,RB
TreVeyon Henderson,2025,20,11.12,RB
Blake Corum,2025,20,8.69,RB
Kyle Monangai,2025,20,8.37,RB
Nick Chubb,2025,20,6.2,RB
Jaleel McLaughlin,2025,20,5.38,RB
Ray Davis,2025,20,4.88,RB
Tyler Badie,2025,20,3.64,RB
D'Ernest Johnson,2025,20,3.31,RB
Velus Jones Jr.,2025,20,2.75,RB
Brian Robinson,2025,20,2.69,RB
Jordan James,2025,20,2.6,RB
Adam Prentice,2025,20,2.22,RB
Ronnie Rivers,2025,20,1.89,RB
Frank Gore Jr.,2025,20,1.43,RB
Robbie Ouzts,2025,20,0.75,RB
Colston Loveland,2025,20,14.72,TE
Evan Engram,2025,20,9.77,TE
Dalton Schultz,2025,20,9.62,TE
Hunter Henry,2025,20,9.47,TE
Dalton Kincaid,2025,20,9.09,TE
AJ Barner,2025,20,8.17,TE
Tyler Higbee,2025,20,7.62,TE
Colby Parkinson,2025,20,7.54,TE
Dawson Knox,2025,20,7.4,TE
Jake Tonges,2025,20,7.03,TE
Cole Kmet,2025,20,5.75,TE
Terrance Ferguson,2025,20,5.7,TE
Austin Hooper,2025,20,4.8,TE
Adam Trautman,2025,20,3.68,TE
Cade Stover,2025,20,3.48,TE
Harrison Bryant,2025,20,3.46,TE
Durham Smythe,2025,20,2.49,TE
Nate Adkins,2025,20,2.49,TE
Luke Farrell,2025,20,2.45,TE
Puka Nacua,2025,20,19.27,WR
Jaxon Smith-Njigba,2025,20,16.23,WR
Davante Adams,2025,20,14.21,WR
Courtland Sutton,2025,20,13.43,WR
Stefon Diggs,2025,20,12.65,WR
Khalil Shakir,2025,20,11.96,WR
DJ Moore,2025,20,11.2,WR
Jauan Jennings,2025,20,10.33,WR
Rome Odunze,2025,20,10.08,WR
Ricky Pearsall,2025,20,10.06,WR
Luther Burden III,2025,20,9.95,WR
Christian Kirk,2025,20,9.53,WR
Kayshon Boutte,2025,20,9.05,WR
Pat Bryant,2025,20,8.79,WR
Rashid Shaheed,2025,20,8.43,WR
Cooper Kupp,2025,20,8.35,WR
Jayden Higgins,2025,20,8.33,WR
Demarcus Robinson,2025,20,8.29,WR
Brandin Cooks,2025,20,7.21,WR
Marvin Mims Jr.,2025,20,7.0,WR
Xavier Hutchinson,2025,20,6.93,WR
Keon Coleman,2025,20,6.83,WR
DeMario Douglas,2025,20,5.99,WR
Kendrick Bourne,2025,20,5.93,WR
Olamide Zaccheaus,2025,20,5.81,WR
Lil'Jordan Humphrey,2025,20,5.7,WR
Curtis Samuel,2025,20,4.06,WR
Jaylin Noel,2025,20,3.91,WR
Kyle Williams,2025,20,3.39,WR
Konata Mumpfield,2025,20,3.3,WR
Efton Chism III,2025,20,3.19,WR
Braxton Berrios,2025,20,3.09,WR
Xavier Smith,2025,20,3.08,WR
Mecole Hardman,2025,20,2.15,WR
Dareke Young,2025,20,1.96,WR
Skyy Moore,2025,20,1.77,WR
Jordan Whittington,2025,20,1.71,WR
Jake Bobo,2025,20,1.32,WR
Devin Duvernay,2025,20,0.88,WR
DEN,2025,21,7.3,DEF
SEA,2025,21,7.15,DEF
NE,2025,21,6.99,DEF
LA,2025,21,6.92,DEF
Harrison Mevis,2025,21,8.83,K
Jason Myers,2025,21,8.19,K
Andy Borregales,2025,21,7.91,K
Wil Lutz,2025,21,7.39,K
Drake Maye,2025,21,17.53,QB
Matthew Stafford,2025,21,16.07,QB
Sam Darnold,2025,21,14.34,QB
Jarrett Stidham,2025,21,3.35,QB
Kenneth Walker III,2025,21,17.24,RB
Kyren Williams,2025,21,15.28,RB
Rhamondre Stevenson,2025,21,13.38,RB
RJ Harvey,2025,21,10.74,RB
TreVeyon Henderson,2025,21,9.09,RB
Blake Corum,2025,21,6.33,RB
Jaleel McLaughlin,2025,21,4.51,RB
George Holani,2025,21,3.53,RB
Tyler Badie,2025,21,3.22,RB
D'Ernest Johnson,2025,21,2.48,RB
Adam Prentice,2025,21,1.93,RB
Ronnie Rivers,2025,21,1.15,RB
Evan Engram,2025,21,10.08,TE
Hunter Henry,2025,21,9.41,TE
Colby Parkinson,2025,21,8.12,TE
Tyler Higbee,2025,21,7.28,TE
AJ Barner,2025,21,6.9,TE
Terrance Ferguson,2025,21,5.6,TE
Eric Saubert,2025,21,2.84,TE
Puka Nacua,2025,21,20.07,WR
Jaxon Smith-Njigba,2025,21,16.25,WR
Davante Adams,2025,21,13.97,WR
Courtland Sutton,2025,21,13.03,WR
Stefon Diggs,2025,21,12.96,WR
Kayshon Boutte,2025,21,9.85,WR
Cooper Kupp,2025,21,9.69,WR
Marvin Mims Jr.,2025,21,9.31,WR
Mack Hollins,2025,21,9.28,WR
Rashid Shaheed,2025,21,8.08,WR
Pat Bryant,2025,21,7.06,WR
Lil'Jordan Humphrey,2025,21,6.09,WR
DeMario Douglas,2025,21,5.99,WR
Elijah Moore,2025,21,4.36,WR
Jordan Whittington,2025,21,3.83,WR
Konata Mumpfield,2025,21,3.66,WR
Xavier Smith,2025,21,3.11,WR
Jake Bobo,2025,21,1.96,WR
Dareke Young,2025,21,0.99,WR
SEA,2025,22,7.11,DEF
NE,2025,22,6.98,DEF
Andy Borregales,2025,22,8.11,K
Jason Myers,2025,22,7.34,K
Drake Maye,2025,22,17.22,QB
Sam Darnold,2025,22,13.54,QB
Kenneth Walker III,2025,22,15.44,RB
Rhamondre Stevenson,2025,22,13.7,RB
TreVeyon Henderson,2025,22,7.14,RB
George Holani,2025,22,4.18,RB
D'Ernest Johnson,2025,22,2.32,RB
Hunter Henry,2025,22,9.64,TE
AJ Barner,2025,22,6.44,TE
Austin Hooper,2025,22,5.24,TE
Jaxon Smith-Njigba,2025,22,16.01,WR
Stefon Diggs,2025,22,12.71,WR
Cooper Kupp,2025,22,10.05,WR
Kayshon Boutte,2025,22,8.96,WR
Mack Hollins,2025,22,8.54,WR
Rashid Shaheed,2025,22,8.47,WR
DeMario Douglas,2025,22,6.11,WR
Kyle Williams,2025,22,3.68,WR
Jake Bobo,2025,22,2.6,WR
Dareke Young,2025,22,1.03,WR
